aperture_scale_factor,bias_level,category,cue_pos_id,cue_x_px,cue_y_px,drift_retry_limit,image_id,image_path,iti_s,max_drift_time_s,mini_block,part,polygon_case,polygon_id,polygon_json_path,stimulus_duration_s,trial_in_block,trial_type,trial_uid
1987,,Random,grid_11,960,540,1,A_Random_169,data/raw/stimuli/CAT2000/Random/169.jpg,0.5,10.0,1,A,pair_C2_chc_vs_bbc_icc,pair_C2_03,data/raw/stimuli/polygons/pair_com_chc_vs_bbc_icc_03.json,4.0,1,image,A_MB01_T001
1987,,Satelite,grid_12,1920,540,1,A_Satelite_097,data/raw/stimuli/CAT2000/Satelite/097.jpg,0.5,10.0,1,A,pair_C2_chc_vs_bbc_icc,pair_C2_01,data/raw/stimuli/polygons/pair_com_chc_vs_bbc_icc_01.json,4.0,2,image,A_MB01_T002
1987,,Sketch,grid_13,2880,540,1,A_Sketch_155,data/raw/stimuli/CAT2000/Sketch/155.jpg,0.5,10.0,1,A,baseline_rectangle,baseline_rect_01,data/raw/stimuli/polygons/baseline_rectangle.json,4.0,3,image,A_MB01_T003
1987,,Object,grid_21,960,1080,1,A_Object_075,data/raw/stimuli/CAT2000/Object/075.jpg,0.5,10.0,1,A,iso_icc,iso_icc_01,data/raw/stimuli/polygons/iso_icc_01.json,4.0,4,image,A_MB01_T004
1987,,Random,grid_22,1920,1080,1,A_Random_155,data/raw/stimuli/CAT2000/Random/155.jpg,0.5,10.0,1,A,allfar_convex,allfar_convex_01,data/raw/stimuli/polygons/allfar_convex.json,4.0,5,image,A_MB01_T005
1987,,Satelite,grid_23,2880,1080,1,A_Satelite_015,data/raw/stimuli/CAT2000/Satelite/015.jpg,0.5,10.0,1,A,allfar_intermediate,allfar_intermediate_01,data/raw/stimuli/polygons/allfar_intermediate.json,4.0,6,image,A_MB01_T006
1987,,Fractal,grid_31,960,1620,1,A_Fractal_073,data/raw/stimuli/CAT2000/Fractal/073.jpg,0.5,10.0,1,A,pair_C1_bbc_vs_chc_icc,pair_C1_03,data/raw/stimuli/polygons/pair_com_bbc_vs_chc_icc_03.json,4.0,7,image,A_MB01_T007
1987,,Random,grid_32,1920,1620,1,A_Random_121,data/raw/stimuli/CAT2000/Random/121.jpg,0.5,10.0,1,A,iso_icc,iso_icc_01,data/raw/stimuli/polygons/iso_icc_01.json,4.0,8,image,A_MB01_T008
1987,,Random,grid_33,2880,1620,1,A_Random_189,data/raw/stimuli/CAT2000/Random/189.jpg,0.5,10.0,1,A,baseline_asymmetric,baseline_asym_01,data/raw/stimuli/polygons/baseline_asymmetric_consolidated.json,4.0,9,image,A_MB01_T009
1987,,,grid_11,960,540,1,,,0.5,10.0,1,A,pair_C1_bbc_vs_chc_icc,pair_C1_02,data/raw/stimuli/polygons/pair_com_bbc_vs_chc_icc_02.json,4.0,10,empty,A_MB01_T010
1987,,Fractal,grid_12,1920,540,1,A_Fractal_053,data/raw/stimuli/CAT2000/Fractal/053.jpg,0.5,10.0,1,A,iso_bbc,iso_bbc_02,data/raw/stimuli/polygons/iso_bbc_02.json,4.0,11,image,A_MB01_T011
1987,,Object,grid_13,2880,540,1,A_Object_185,data/raw/stimuli/CAT2000/Object/185.jpg,0.5,10.0,1,A,pair_C1_bbc_vs_chc_icc,pair_C1_02,data/raw/stimuli/polygons/pair_com_bbc_vs_chc_icc_02.json,4.0,12,image,A_MB01_T012
1987,,Fractal,grid_21,960,1080,1,A_Fractal_089,data/raw/stimuli/CAT2000/Fractal/089.jpg,0.5,10.0,1,A,iso_icc,iso_icc_03,data/raw/stimuli/polygons/iso_icc_03.json,4.0,13,image,A_MB01_T013
1987,,Object,grid_22,1920,1080,1,A_Object_169,data/raw/stimuli/CAT2000/Object/169.jpg,0.5,10.0,1,A,iso_bbc,iso_bbc_01,data/raw/stimuli/polygons/iso_bbc_01.json,4.0,14,image,A_MB01_T014
1987,,Fractal,grid_23,2880,1080,1,A_Fractal_083,data/raw/stimuli/CAT2000/Fractal/083.jpg,0.5,10.0,1,A,allfar_concave,allfar_concave_01,data/raw/stimuli/polygons/allfar_concave.json,4.0,15,image,A_MB01_T015
1987,,OutdoorNatural,grid_31,960,1620,1,A_OutdoorNatural_023,data/raw/stimuli/CAT2000/OutdoorNatural/023.jpg,0.5,10.0,1,A,pair_C1_bbc_vs_chc_icc,pair_C1_01,data/raw/stimuli/polygons/pair_com_bbc_vs_chc_icc_01.json,4.0,16,image,A_MB01_T016
1987,,,grid_32,1920,1620,1,,,0.5,10.0,1,A,pair_C2_chc_vs_bbc_icc,pair_C2_02,data/raw/stimuli/polygons/pair_com_chc_vs_bbc_icc_02.json,4.0,17,empty,A_MB01_T017
1987,,Fractal,grid_33,2880,1620,1,A_Fractal_069,data/raw/stimuli/CAT2000/Fractal/069.jpg,0.5,10.0,1,A,pair_C3_icc_vs_chc_bbc,pair_C3_01,data/raw/stimuli/polygons/pair_com_icc_vs_chc_bbc_01.json,4.0,18,image,A_MB01_T018
1987,,Sketch,grid_11,960,540,1,A_Sketch_035,data/raw/stimuli/CAT2000/Sketch/035.jpg,0.5,10.0,1,A,iso_chc,iso_chc_02,data/raw/stimuli/polygons/iso_chc_02.json,4.0,19,image,A_MB01_T019
1987,,Fractal,grid_12,1920,540,1,A_Fractal_141,data/raw/stimuli/CAT2000/Fractal/141.jpg,0.5,10.0,1,A,baseline_rectangle,baseline_rect_01,data/raw/stimuli/polygons/baseline_rectangle.json,4.0,20,image,A_MB01_T020
1987,,Fractal,grid_13,2880,540,1,A_Fractal_111,data/raw/stimuli/CAT2000/Fractal/111.jpg,0.5,10.0,1,A,iso_com,iso_com_01,data/raw/stimuli/polygons/iso_com_01.json,4.0,21,image,A_MB01_T021
1987,,Object,grid_21,960,1080,1,A_Object_197,data/raw/stimuli/CAT2000/Object/197.jpg,0.5,10.0,1,A,pair_C1_bbc_vs_chc_icc,pair_C1_02,data/raw/stimuli/polygons/pair_com_bbc_vs_chc_icc_02.json,4.0,22,image,A_MB01_T022
1987,,,grid_22,1920,1080,1,,,0.5,10.0,1,A,iso_bbc,iso_bbc_03,data/raw/stimuli/polygons/iso_bbc_03.json,4.0,23,empty,A_MB01_T023
1987,,OutdoorNatural,grid_23,2880,1080,1,A_OutdoorNatural_041,data/raw/stimuli/CAT2000/OutdoorNatural/041.jpg,0.5,10.0,1,A,iso_bbc,iso_bbc_03,data/raw/stimuli/polygons/iso_bbc_03.json,4.0,24,image,A_MB01_T024
1987,,OutdoorNatural,grid_31,960,1620,1,A_OutdoorNatural_117,data/raw/stimuli/CAT2000/OutdoorNatural/117.jpg,0.5,10.0,1,A,iso_bbc,iso_bbc_02,data/raw/stimuli/polygons/iso_bbc_02.json,4.0,25,image,A_MB01_T025
1987,,Sketch,grid_32,1920,1620,1,A_Sketch_123,data/raw/stimuli/CAT2000/Sketch/123.jpg,0.5,10.0,1,A,allfar_concave,allfar_concave_01,data/raw/stimuli/polygons/allfar_concave.json,4.0,26,image,A_MB01_T026
1987,,OutdoorNatural,grid_33,2880,1620,1,A_OutdoorNatural_175,data/raw/stimuli/CAT2000/OutdoorNatural/175.jpg,0.5,10.0,1,A,iso_com,iso_com_03,data/raw/stimuli/polygons/iso_com_03.json,4.0,27,image,A_MB01_T027
1987,,Fractal,grid_11,960,540,1,A_Fractal_161,data/raw/stimuli/CAT2000/Fractal/161.jpg,0.5,10.0,1,A,iso_bbc,iso_bbc_01,data/raw/stimuli/polygons/iso_bbc_01.json,4.0,28,image,A_MB01_T028
1987,,Sketch,grid_12,1920,540,1,A_Sketch_009,data/raw/stimuli/CAT2000/Sketch/009.jpg,0.5,10.0,1,A,pair_C2_chc_vs_bbc_icc,pair_C2_01,data/raw/stimuli/polygons/pair_com_chc_vs_bbc_icc_01.json,4.0,29,image,A_MB01_T029
1987,,Random,grid_13,2880,540,1,A_Random_071,data/raw/stimuli/CAT2000/Random/071.jpg,0.5,10.0,1,A,iso_icc,iso_icc_03,data/raw/stimuli/polygons/iso_icc_03.json,4.0,30,image,A_MB01_T030
1987,,Object,grid_21,960,1080,1,A_Object_003,data/raw/stimuli/CAT2000/Object/003.jpg,0.5,10.0,1,A,iso_chc,iso_chc_03,data/raw/stimuli/polygons/iso_chc_03.json,4.0,31,image,A_MB01_T031
1987,,Object,grid_22,1920,1080,1,A_Object_045,data/raw/stimuli/CAT2000/Object/045.jpg,0.5,10.0,1,A,baseline_rectangle,baseline_rect_01,data/raw/stimuli/polygons/baseline_rectangle.json,4.0,32,image,A_MB01_T032
1987,,Satelite,grid_23,2880,1080,1,A_Satelite_087,data/raw/stimuli/CAT2000/Satelite/087.jpg,0.5,10.0,1,A,pair_C2_chc_vs_bbc_icc,pair_C2_01,data/raw/stimuli/polygons/pair_com_chc_vs_bbc_icc_01.json,4.0,33,image,A_MB01_T033
1987,,Satelite,grid_31,960,1620,1,A_Satelite_189,data/raw/stimuli/CAT2000/Satelite/189.jpg,0.5,10.0,1,A,pair_C3_icc_vs_chc_bbc,pair_C3_01,data/raw/stimuli/polygons/pair_com_icc_vs_chc_bbc_01.json,4.0,34,image,A_MB01_T034
1987,,Sketch,grid_32,1920,1620,1,A_Sketch_071,data/raw/stimuli/CAT2000/Sketch/071.jpg,0.5,10.0,1,A,iso_bbc,iso_bbc_02,data/raw/stimuli/polygons/iso_bbc_02.json,4.0,35,image,A_MB01_T035
1987,,Object,grid_33,2880,1620,1,A_Object_151,data/raw/stimuli/CAT2000/Object/151.jpg,0.5,10.0,1,A,pair_C3_icc_vs_chc_bbc,pair_C3_03,data/raw/stimuli/polygons/pair_com_icc_vs_chc_bbc_03.json,4.0,36,image,A_MB01_T036
1987,,OutdoorNatural,grid_11,960,540,1,A_OutdoorNatural_077,data/raw/stimuli/CAT2000/OutdoorNatural/077.jpg,0.5,10.0,1,A,iso_com,iso_com_01,data/raw/stimuli/polygons/iso_com_01.json,4.0,37,image,A_MB01_T037
1987,,OutdoorNatural,grid_12,1920,540,1,A_OutdoorNatural_069,data/raw/stimuli/CAT2000/OutdoorNatural/069.jpg,0.5,10.0,1,A,pair_C1_bbc_vs_chc_icc,pair_C1_03,data/raw/stimuli/polygons/pair_com_bbc_vs_chc_icc_03.json,4.0,38,image,A_MB01_T038
1987,,Object,grid_13,2880,540,1,A_Object_031,data/raw/stimuli/CAT2000/Object/031.jpg,0.5,10.0,1,A,iso_bbc,iso_bbc_03,data/raw/stimuli/polygons/iso_bbc_03.json,4.0,39,image,A_MB01_T039
1987,,Fractal,grid_21,960,1080,1,A_Fractal_031,data/raw/stimuli/CAT2000/Fractal/031.jpg,0.5,10.0,2,A,baseline_symmetric,baseline_sym_01,data/raw/stimuli/polygons/baseline_symmetric_consolidated.json,4.0,1,image,A_MB02_T040
1987,,OutdoorNatural,grid_22,1920,1080,1,A_OutdoorNatural_075,data/raw/stimuli/CAT2000/OutdoorNatural/075.jpg,0.5,10.0,2,A,baseline_symmetric,baseline_sym_01,data/raw/stimuli/polygons/baseline_symmetric_consolidated.json,4.0,2,image,A_MB02_T041
1987,,,grid_23,2880,1080,1,,,0.5,10.0,2,A,iso_chc,iso_chc_03,data/raw/stimuli/polygons/iso_chc_03.json,4.0,3,empty,A_MB02_T042
1987,,Sketch,grid_31,960,1620,1,A_Sketch_173,data/raw/stimuli/CAT2000/Sketch/173.jpg,0.5,10.0,2,A,iso_bbc,iso_bbc_01,data/raw/stimuli/polygons/iso_bbc_01.json,4.0,4,image,A_MB02_T043
1987,,Random,grid_32,1920,1620,1,A_Random_117,data/raw/stimuli/CAT2000/Random/117.jpg,0.5,10.0,2,A,pair_C3_icc_vs_chc_bbc,pair_C3_03,data/raw/stimuli/polygons/pair_com_icc_vs_chc_bbc_03.json,4.0,5,image,A_MB02_T044
1987,,Object,grid_33,2880,1620,1,A_Object_123,data/raw/stimuli/CAT2000/Object/123.jpg,0.5,10.0,2,A,allfar_intermediate,allfar_intermediate_01,data/raw/stimuli/polygons/allfar_intermediate.json,4.0,6,image,A_MB02_T045
1987,,Satelite,grid_11,960,540,1,A_Satelite_197,data/raw/stimuli/CAT2000/Satelite/197.jpg,0.5,10.0,2,A,iso_com,iso_com_03,data/raw/stimuli/polygons/iso_com_03.json,4.0,7,image,A_MB02_T046
1987,,Sketch,grid_12,1920,540,1,A_Sketch_163,data/raw/stimuli/CAT2000/Sketch/163.jpg,0.5,10.0,2,A,allfar_intermediate,allfar_intermediate_01,data/raw/stimuli/polygons/allfar_intermediate.json,4.0,8,image,A_MB02_T047
1987,,Satelite,grid_13,2880,540,1,A_Satelite_167,data/raw/stimuli/CAT2000/Satelite/167.jpg,0.5,10.0,2,A,iso_com,iso_com_03,data/raw/stimuli/polygons/iso_com_03.json,4.0,9,image,A_MB02_T048
1987,,OutdoorNatural,grid_21,960,1080,1,A_OutdoorNatural_197,data/raw/stimuli/CAT2000/OutdoorNatural/197.jpg,0.5,10.0,2,A,pair_C3_icc_vs_chc_bbc,pair_C3_02,data/raw/stimuli/polygons/pair_com_icc_vs_chc_bbc_02.json,4.0,10,image,A_MB02_T049
1987,,Sketch,grid_22,1920,1080,1,A_Sketch_125,data/raw/stimuli/CAT2000/Sketch/125.jpg,0.5,10.0,2,A,iso_com,iso_com_03,data/raw/stimuli/polygons/iso_com_03.json,4.0,11,image,A_MB02_T050
1987,,Sketch,grid_23,2880,1080,1,A_Sketch_197,data/raw/stimuli/CAT2000/Sketch/197.jpg,0.5,10.0,2,A,pair_C3_icc_vs_chc_bbc,pair_C3_03,data/raw/stimuli/polygons/pair_com_icc_vs_chc_bbc_03.json,4.0,12,image,A_MB02_T051
1987,,Satelite,grid_31,960,1620,1,A_Satelite_017,data/raw/stimuli/CAT2000/Satelite/017.jpg,0.5,10.0,2,A,iso_bbc,iso_bbc_02,data/raw/stimuli/polygons/iso_bbc_02.json,4.0,13,image,A_MB02_T052
1987,,Random,grid_32,1920,1620,1,A_Random_105,data/raw/stimuli/CAT2000/Random/105.jpg,0.5,10.0,2,A,pair_C2_chc_vs_bbc_icc,pair_C2_02,data/raw/stimuli/polygons/pair_com_chc_vs_bbc_icc_02.json,4.0,14,image,A_MB02_T053
1987,,Random,grid_33,2880,1620,1,A_Random_159,data/raw/stimuli/CAT2000/Random/159.jpg,0.5,10.0,2,A,iso_com,iso_com_03,data/raw/stimuli/polygons/iso_com_03.json,4.0,15,image,A_MB02_T054
1987,,OutdoorNatural,grid_11,960,540,1,A_OutdoorNatural_051,data/raw/stimuli/CAT2000/OutdoorNatural/051.jpg,0.5,10.0,2,A,pair_C3_icc_vs_chc_bbc,pair_C3_01,data/raw/stimuli/polygons/pair_com_icc_vs_chc_bbc_01.json,4.0,16,image,A_MB02_T055
1987,,Random,grid_12,1920,540,1,A_Random_115,data/raw/stimuli/CAT2000/Random/115.jpg,0.5,10.0,2,A,pair_C1_bbc_vs_chc_icc,pair_C1_01,data/raw/stimuli/polygons/pair_com_bbc_vs_chc_icc_01.json,4.0,17,image,A_MB02_T056
1987,,Sketch,grid_13,2880,540,1,A_Sketch_015,data/raw/stimuli/CAT2000/Sketch/015.jpg,0.5,10.0,2,A,iso_bbc,iso_bbc_03,data/raw/stimuli/polygons/iso_bbc_03.json,4.0,18,image,A_MB02_T057
1987,,,grid_21,960,1080,1,,,0.5,10.0,2,A,iso_chc,iso_chc_01,data/raw/stimuli/polygons/iso_chc_01.json,4.0,19,empty,A_MB02_T058
1987,,Sketch,grid_22,1920,1080,1,A_Sketch_109,data/raw/stimuli/CAT2000/Sketch/109.jpg,0.5,10.0,2,A,iso_icc,iso_icc_02,data/raw/stimuli/polygons/iso_icc_02.json,4.0,20,image,A_MB02_T059
1987,,Object,grid_23,2880,1080,1,A_Object_085,data/raw/stimuli/CAT2000/Object/085.jpg,0.5,10.0,2,A,iso_com,iso_com_02,data/raw/stimuli/polygons/iso_com_02.json,4.0,21,image,A_MB02_T060
1987,,Sketch,grid_31,960,1620,1,A_Sketch_093,data/raw/stimuli/CAT2000/Sketch/093.jpg,0.5,10.0,2,A,allfar_concave,allfar_concave_01,data/raw/stimuli/polygons/allfar_concave.json,4.0,22,image,A_MB02_T061
1987,,Satelite,grid_32,1920,1620,1,A_Satelite_173,data/raw/stimuli/CAT2000/Satelite/173.jpg,0.5,10.0,2,A,pair_C3_icc_vs_chc_bbc,pair_C3_01,data/raw/stimuli/polygons/pair_com_icc_vs_chc_bbc_01.json,4.0,23,image,A_MB02_T062
1987,,Fractal,grid_33,2880,1620,1,A_Fractal_037,data/raw/stimuli/CAT2000/Fractal/037.jpg,0.5,10.0,2,A,pair_C2_chc_vs_bbc_icc,pair_C2_02,data/raw/stimuli/polygons/pair_com_chc_vs_bbc_icc_02.json,4.0,24,image,A_MB02_T063
1987,,Fractal,grid_11,960,540,1,A_Fractal_149,data/raw/stimuli/CAT2000/Fractal/149.jpg,0.5,10.0,2,A,iso_icc,iso_icc_03,data/raw/stimuli/polygons/iso_icc_03.json,4.0,25,image,A_MB02_T064
1987,,Fractal,grid_12,1920,540,1,A_Fractal_167,data/raw/stimuli/CAT2000/Fractal/167.jpg,0.5,10.0,2,A,iso_bbc,iso_bbc_02,data/raw/stimuli/polygons/iso_bbc_02.json,4.0,26,image,A_MB02_T065
1987,,,grid_13,2880,540,1,,,0.5,10.0,2,A,iso_icc,iso_icc_01,data/raw/stimuli/polygons/iso_icc_01.json,4.0,27,empty,A_MB02_T066
1987,,Fractal,grid_21,960,1080,1,A_Fractal_101,data/raw/stimuli/CAT2000/Fractal/101.jpg,0.5,10.0,2,A,allfar_intermediate,allfar_intermediate_01,data/raw/stimuli/polygons/allfar_intermediate.json,4.0,28,image,A_MB02_T067
1987,,Object,grid_22,1920,1080,1,A_Object_007,data/raw/stimuli/CAT2000/Object/007.jpg,0.5,10.0,2,A,iso_bbc,iso_bbc_02,data/raw/stimuli/polygons/iso_bbc_02.json,4.0,29,image,A_MB02_T068
1987,,Satelite,grid_23,2880,1080,1,A_Satelite_075,data/raw/stimuli/CAT2000/Satelite/075.jpg,0.5,10.0,2,A,iso_icc,iso_icc_03,data/raw/stimuli/polygons/iso_icc_03.json,4.0,30,image,A_MB02_T069
1987,,Object,grid_31,960,1620,1,A_Object_155,data/raw/stimuli/CAT2000/Object/155.jpg,0.5,10.0,2,A,iso_com,iso_com_03,data/raw/stimuli/polygons/iso_com_03.json,4.0,31,image,A_MB02_T070
1987,,Sketch,grid_32,1920,1620,1,A_Sketch_019,data/raw/stimuli/CAT2000/Sketch/019.jpg,0.5,10.0,2,A,pair_C3_icc_vs_chc_bbc,pair_C3_01,data/raw/stimuli/polygons/pair_com_icc_vs_chc_bbc_01.json,4.0,32,image,A_MB02_T071
1987,,Random,grid_33,2880,1620,1,A_Random_055,data/raw/stimuli/CAT2000/Random/055.jpg,0.5,10.0,2,A,allfar_convex,allfar_convex_01,data/raw/stimuli/polygons/allfar_convex.json,4.0,33,image,A_MB02_T072
1987,,Fractal,grid_11,960,540,1,A_Fractal_119,data/raw/stimuli/CAT2000/Fractal/119.jpg,0.5,10.0,2,A,iso_icc,iso_icc_02,data/raw/stimuli/polygons/iso_icc_02.json,4.0,34,image,A_MB02_T073
1987,,Satelite,grid_12,1920,540,1,A_Satelite_113,data/raw/stimuli/CAT2000/Satelite/113.jpg,0.5,10.0,2,A,pair_C1_bbc_vs_chc_icc,pair_C1_01,data/raw/stimuli/polygons/pair_com_bbc_vs_chc_icc_01.json,4.0,35,image,A_MB02_T074
1987,,Object,grid_13,2880,540,1,A_Object_025,data/raw/stimuli/CAT2000/Object/025.jpg,0.5,10.0,2,A,iso_icc,iso_icc_03,data/raw/stimuli/polygons/iso_icc_03.json,4.0,36,image,A_MB02_T075
1987,,Sketch,grid_21,960,1080,1,A_Sketch_027,data/raw/stimuli/CAT2000/Sketch/027.jpg,0.5,10.0,2,A,iso_bbc,iso_bbc_03,data/raw/stimuli/polygons/iso_bbc_03.json,4.0,37,image,A_MB02_T076
1987,,Object,grid_22,1920,1080,1,A_Object_079,data/raw/stimuli/CAT2000/Object/079.jpg,0.5,10.0,2,A,pair_C1_bbc_vs_chc_icc,pair_C1_01,data/raw/stimuli/polygons/pair_com_bbc_vs_chc_icc_01.json,4.0,38,image,A_MB02_T077
1987,,OutdoorNatural,grid_23,2880,1080,1,A_OutdoorNatural_155,data/raw/stimuli/CAT2000/OutdoorNatural/155.jpg,0.5,10.0,2,A,allfar_concave,allfar_concave_01,data/raw/stimuli/polygons/allfar_concave.json,4.0,39,image,A_MB02_T078
1987,,Sketch,grid_31,960,1620,1,A_Sketch_149,data/raw/stimuli/CAT2000/Sketch/149.jpg,0.5,10.0,3,A,pair_C1_bbc_vs_chc_icc,pair_C1_02,data/raw/stimuli/polygons/pair_com_bbc_vs_chc_icc_02.json,4.0,1,image,A_MB03_T079
1987,,Fractal,grid_32,1920,1620,1,A_Fractal_131,data/raw/stimuli/CAT2000/Fractal/131.jpg,0.5,10.0,3,A,allfar_intermediate,allfar_intermediate_01,data/raw/stimuli/polygons/allfar_intermediate.json,4.0,2,image,A_MB03_T080
1987,,,grid_33,2880,1620,1,,,0.5,10.0,3,A,allfar_convex,allfar_convex_01,data/raw/stimuli/polygons/allfar_convex.json,4.0,3,empty,A_MB03_T081
1987,,OutdoorNatural,grid_11,960,540,1,A_OutdoorNatural_149,data/raw/stimuli/CAT2000/OutdoorNatural/149.jpg,0.5,10.0,3,A,iso_chc,iso_chc_01,data/raw/stimuli/polygons/iso_chc_01.json,4.0,4,image,A_MB03_T082
1987,,,grid_12,1920,540,1,,,0.5,10.0,3,A,baseline_rectangle,baseline_rect_01,data/raw/stimuli/polygons/baseline_rectangle.json,4.0,5,empty,A_MB03_T083
1987,,Satelite,grid_13,2880,540,1,A_Satelite_065,data/raw/stimuli/CAT2000/Satelite/065.jpg,0.5,10.0,3,A,iso_icc,iso_icc_02,data/raw/stimuli/polygons/iso_icc_02.json,4.0,6,image,A_MB03_T084
1987,,Satelite,grid_21,960,1080,1,A_Satelite_051,data/raw/stimuli/CAT2000/Satelite/051.jpg,0.5,10.0,3,A,pair_C1_bbc_vs_chc_icc,pair_C1_02,data/raw/stimuli/polygons/pair_com_bbc_vs_chc_icc_02.json,4.0,7,image,A_MB03_T085
1987,,Fractal,grid_22,1920,1080,1,A_Fractal_091,data/raw/stimuli/CAT2000/Fractal/091.jpg,0.5,10.0,3,A,iso_com,iso_com_02,data/raw/stimuli/polygons/iso_com_02.json,4.0,8,image,A_MB03_T086
1987,,Random,grid_23,2880,1080,1,A_Random_193,data/raw/stimuli/CAT2000/Random/193.jpg,0.5,10.0,3,A,pair_C3_icc_vs_chc_bbc,pair_C3_03,data/raw/stimuli/polygons/pair_com_icc_vs_chc_bbc_03.json,4.0,9,image,A_MB03_T087
1987,,Random,grid_31,960,1620,1,A_Random_093,data/raw/stimuli/CAT2000/Random/093.jpg,0.5,10.0,3,A,baseline_symmetric,baseline_sym_01,data/raw/stimuli/polygons/baseline_symmetric_consolidated.json,4.0,10,image,A_MB03_T088
1987,,Random,grid_32,1920,1620,1,A_Random_027,data/raw/stimuli/CAT2000/Random/027.jpg,0.5,10.0,3,A,pair_C3_icc_vs_chc_bbc,pair_C3_02,data/raw/stimuli/polygons/pair_com_icc_vs_chc_bbc_02.json,4.0,11,image,A_MB03_T089
1987,,Sketch,grid_33,2880,1620,1,A_Sketch_151,data/raw/stimuli/CAT2000/Sketch/151.jpg,0.5,10.0,3,A,iso_com,iso_com_02,data/raw/stimuli/polygons/iso_com_02.json,4.0,12,image,A_MB03_T090
1987,,OutdoorNatural,grid_11,960,540,1,A_OutdoorNatural_135,data/raw/stimuli/CAT2000/OutdoorNatural/135.jpg,0.5,10.0,3,A,iso_com,iso_com_02,data/raw/stimuli/polygons/iso_com_02.json,4.0,13,image,A_MB03_T091
1987,,Fractal,grid_12,1920,540,1,A_Fractal_113,data/raw/stimuli/CAT2000/Fractal/113.jpg,0.5,10.0,3,A,iso_com,iso_com_01,data/raw/stimuli/polygons/iso_com_01.json,4.0,14,image,A_MB03_T092
1987,,Object,grid_13,2880,540,1,A_Object_113,data/raw/stimuli/CAT2000/Object/113.jpg,0.5,10.0,3,A,pair_C3_icc_vs_chc_bbc,pair_C3_01,data/raw/stimuli/polygons/pair_com_icc_vs_chc_bbc_01.json,4.0,15,image,A_MB03_T093
1987,,,grid_21,960,1080,1,,,0.5,10.0,3,A,allfar_concave,allfar_concave_01,data/raw/stimuli/polygons/allfar_concave.json,4.0,16,empty,A_MB03_T094
1987,,OutdoorNatural,grid_22,1920,1080,1,A_OutdoorNatural_067,data/raw/stimuli/CAT2000/OutdoorNatural/067.jpg,0.5,10.0,3,A,baseline_asymmetric,baseline_asym_01,data/raw/stimuli/polygons/baseline_asymmetric_consolidated.json,4.0,17,image,A_MB03_T095
1987,,Object,grid_23,2880,1080,1,A_Object_159,data/raw/stimuli/CAT2000/Object/159.jpg,0.5,10.0,3,A,iso_com,iso_com_01,data/raw/stimuli/polygons/iso_com_01.json,4.0,18,image,A_MB03_T096
1987,,Fractal,grid_31,960,1620,1,A_Fractal_193,data/raw/stimuli/CAT2000/Fractal/193.jpg,0.5,10.0,3,A,iso_chc,iso_chc_03,data/raw/stimuli/polygons/iso_chc_03.json,4.0,19,image,A_MB03_T097
1987,,Satelite,grid_32,1920,1620,1,A_Satelite_069,data/raw/stimuli/CAT2000/Satelite/069.jpg,0.5,10.0,3,A,iso_com,iso_com_02,data/raw/stimuli/polygons/iso_com_02.json,4.0,20,image,A_MB03_T098
1987,,Fractal,grid_33,2880,1620,1,A_Fractal_079,data/raw/stimuli/CAT2000/Fractal/079.jpg,0.5,10.0,3,A,pair_C2_chc_vs_bbc_icc,pair_C2_01,data/raw/stimuli/polygons/pair_com_chc_vs_bbc_icc_01.json,4.0,21,image,A_MB03_T099
1987,,OutdoorNatural,grid_11,960,540,1,A_OutdoorNatural_037,data/raw/stimuli/CAT2000/OutdoorNatural/037.jpg,0.5,10.0,3,A,iso_com,iso_com_02,data/raw/stimuli/polygons/iso_com_02.json,4.0,22,image,A_MB03_T100
1987,,Random,grid_12,1920,540,1,A_Random_057,data/raw/stimuli/CAT2000/Random/057.jpg,0.5,10.0,3,A,pair_C1_bbc_vs_chc_icc,pair_C1_03,data/raw/stimuli/polygons/pair_com_bbc_vs_chc_icc_03.json,4.0,23,image,A_MB03_T101
1987,,Fractal,grid_13,2880,540,1,A_Fractal_105,data/raw/stimuli/CAT2000/Fractal/105.jpg,0.5,10.0,3,A,pair_C1_bbc_vs_chc_icc,pair_C1_01,data/raw/stimuli/polygons/pair_com_bbc_vs_chc_icc_01.json,4.0,24,image,A_MB03_T102
1987,,Object,grid_21,960,1080,1,A_Object_171,data/raw/stimuli/CAT2000/Object/171.jpg,0.5,10.0,3,A,baseline_asymmetric,baseline_asym_01,data/raw/stimuli/polygons/baseline_asymmetric_consolidated.json,4.0,25,image,A_MB03_T103
1987,,Random,grid_22,1920,1080,1,A_Random_023,data/raw/stimuli/CAT2000/Random/023.jpg,0.5,10.0,3,A,allfar_intermediate,allfar_intermediate_01,data/raw/stimuli/polygons/allfar_intermediate.json,4.0,26,image,A_MB03_T104
1987,,Fractal,grid_23,2880,1080,1,A_Fractal_097,data/raw/stimuli/CAT2000/Fractal/097.jpg,0.5,10.0,3,A,iso_com,iso_com_03,data/raw/stimuli/polygons/iso_com_03.json,4.0,27,image,A_MB03_T105
1987,,Object,grid_31,960,1620,1,A_Object_095,data/raw/stimuli/CAT2000/Object/095.jpg,0.5,10.0,3,A,iso_chc,iso_chc_02,data/raw/stimuli/polygons/iso_chc_02.json,4.0,28,image,A_MB03_T106
1987,,Fractal,grid_32,1920,1620,1,A_Fractal_017,data/raw/stimuli/CAT2000/Fractal/017.jpg,0.5,10.0,3,A,iso_icc,iso_icc_01,data/raw/stimuli/polygons/iso_icc_01.json,4.0,29,image,A_MB03_T107
1987,,Fractal,grid_33,2880,1620,1,A_Fractal_067,data/raw/stimuli/CAT2000/Fractal/067.jpg,0.5,10.0,3,A,iso_bbc,iso_bbc_03,data/raw/stimuli/polygons/iso_bbc_03.json,4.0,30,image,A_MB03_T108
1987,,Sketch,grid_11,960,540,1,A_Sketch_063,data/raw/stimuli/CAT2000/Sketch/063.jpg,0.5,10.0,3,A,pair_C1_bbc_vs_chc_icc,pair_C1_01,data/raw/stimuli/polygons/pair_com_bbc_vs_chc_icc_01.json,4.0,31,image,A_MB03_T109
1987,,Random,grid_12,1920,540,1,A_Random_085,data/raw/stimuli/CAT2000/Random/085.jpg,0.5,10.0,3,A,iso_com,iso_com_02,data/raw/stimuli/polygons/iso_com_02.json,4.0,32,image,A_MB03_T110
1987,,Sketch,grid_13,2880,540,1,A_Sketch_161,data/raw/stimuli/CAT2000/Sketch/161.jpg,0.5,10.0,3,A,baseline_symmetric,baseline_sym_01,data/raw/stimuli/polygons/baseline_symmetric_consolidated.json,4.0,33,image,A_MB03_T111
1987,,Fractal,grid_21,960,1080,1,A_Fractal_145,data/raw/stimuli/CAT2000/Fractal/145.jpg,0.5,10.0,3,A,iso_com,iso_com_02,data/raw/stimuli/polygons/iso_com_02.json,4.0,34,image,A_MB03_T112
1987,,Random,grid_22,1920,1080,1,A_Random_113,data/raw/stimuli/CAT2000/Random/113.jpg,0.5,10.0,3,A,allfar_concave,allfar_concave_01,data/raw/stimuli/polygons/allfar_concave.json,4.0,35,image,A_MB03_T113
1987,,Sketch,grid_23,2880,1080,1,A_Sketch_153,data/raw/stimuli/CAT2000/Sketch/153.jpg,0.5,10.0,3,A,iso_icc,iso_icc_02,data/raw/stimuli/polygons/iso_icc_02.json,4.0,36,image,A_MB03_T114
1987,,Satelite,grid_31,960,1620,1,A_Satelite_089,data/raw/stimuli/CAT2000/Satelite/089.jpg,0.5,10.0,3,A,pair_C3_icc_vs_chc_bbc,pair_C3_03,data/raw/stimuli/polygons/pair_com_icc_vs_chc_bbc_03.json,4.0,37,image,A_MB03_T115
1987,,Fractal,grid_32,1920,1620,1,A_Fractal_147,data/raw/stimuli/CAT2000/Fractal/147.jpg,0.5,10.0,3,A,baseline_asymmetric,baseline_asym_01,data/raw/stimuli/polygons/baseline_asymmetric_consolidated.json,4.0,38,image,A_MB03_T116
1987,,Fractal,grid_33,2880,1620,1,A_Fractal_065,data/raw/stimuli/CAT2000/Fractal/065.jpg,0.5,10.0,3,A,iso_chc,iso_chc_03,data/raw/stimuli/polygons/iso_chc_03.json,4.0,39,image,A_MB03_T117
1987,,Random,grid_11,960,540,1,A_Random_025,data/raw/stimuli/CAT2000/Random/025.jpg,0.5,10.0,4,A,baseline_rectangle,baseline_rect_01,data/raw/stimuli/polygons/baseline_rectangle.json,4.0,1,image,A_MB04_T118
1987,,Satelite,grid_12,1920,540,1,A_Satelite_071,data/raw/stimuli/CAT2000/Satelite/071.jpg,0.5,10.0,4,A,allfar_convex,allfar_convex_01,data/raw/stimuli/polygons/allfar_convex.json,4.0,2,image,A_MB04_T119
1987,,Random,grid_13,2880,540,1,A_Random_019,data/raw/stimuli/CAT2000/Random/019.jpg,0.5,10.0,4,A,iso_chc,iso_chc_03,data/raw/stimuli/polygons/iso_chc_03.json,4.0,3,image,A_MB04_T120
1987,,Object,grid_21,960,1080,1,A_Object_073,data/raw/stimuli/CAT2000/Object/073.jpg,0.5,10.0,4,A,iso_bbc,iso_bbc_03,data/raw/stimuli/polygons/iso_bbc_03.json,4.0,4,image,A_MB04_T121
1987,,Fractal,grid_22,1920,1080,1,A_Fractal_093,data/raw/stimuli/CAT2000/Fractal/093.jpg,0.5,10.0,4,A,pair_C3_icc_vs_chc_bbc,pair_C3_02,data/raw/stimuli/polygons/pair_com_icc_vs_chc_bbc_02.json,4.0,5,image,A_MB04_T122
1987,,Satelite,grid_23,2880,1080,1,A_Satelite_117,data/raw/stimuli/CAT2000/Satelite/117.jpg,0.5,10.0,4,A,allfar_intermediate,allfar_intermediate_01,data/raw/stimuli/polygons/allfar_intermediate.json,4.0,6,image,A_MB04_T123
1987,,Object,grid_31,960,1620,1,A_Object_033,data/raw/stimuli/CAT2000/Object/033.jpg,0.5,10.0,4,A,pair_C2_chc_vs_bbc_icc,pair_C2_01,data/raw/stimuli/polygons/pair_com_chc_vs_bbc_icc_01.json,4.0,7,image,A_MB04_T124
1987,,,grid_32,1920,1620,1,,,0.5,10.0,4,A,baseline_symmetric,baseline_sym_01,data/raw/stimuli/polygons/baseline_symmetric_consolidated.json,4.0,8,empty,A_MB04_T125
1987,,Fractal,grid_33,2880,1620,1,A_Fractal_061,data/raw/stimuli/CAT2000/Fractal/061.jpg,0.5,10.0,4,A,iso_chc,iso_chc_02,data/raw/stimuli/polygons/iso_chc_02.json,4.0,9,image,A_MB04_T126
1987,,Object,grid_11,960,540,1,A_Object_047,data/raw/stimuli/CAT2000/Object/047.jpg,0.5,10.0,4,A,iso_icc,iso_icc_02,data/raw/stimuli/polygons/iso_icc_02.json,4.0,10,image,A_MB04_T127
1987,,OutdoorNatural,grid_12,1920,540,1,A_OutdoorNatural_109,data/raw/stimuli/CAT2000/OutdoorNatural/109.jpg,0.5,10.0,4,A,pair_C3_icc_vs_chc_bbc,pair_C3_01,data/raw/stimuli/polygons/pair_com_icc_vs_chc_bbc_01.json,4.0,11,image,A_MB04_T128
1987,,Sketch,grid_13,2880,540,1,A_Sketch_099,data/raw/stimuli/CAT2000/Sketch/099.jpg,0.5,10.0,4,A,pair_C1_bbc_vs_chc_icc,pair_C1_02,data/raw/stimuli/polygons/pair_com_bbc_vs_chc_icc_02.json,4.0,12,image,A_MB04_T129
1987,,OutdoorNatural,grid_21,960,1080,1,A_OutdoorNatural_039,data/raw/stimuli/CAT2000/OutdoorNatural/039.jpg,0.5,10.0,4,A,allfar_convex,allfar_convex_01,data/raw/stimuli/polygons/allfar_convex.json,4.0,13,image,A_MB04_T130
1987,,Random,grid_22,1920,1080,1,A_Random_091,data/raw/stimuli/CAT2000/Random/091.jpg,0.5,10.0,4,A,iso_bbc,iso_bbc_01,data/raw/stimuli/polygons/iso_bbc_01.json,4.0,14,image,A_MB04_T131
1987,,Fractal,grid_23,2880,1080,1,A_Fractal_171,data/raw/stimuli/CAT2000/Fractal/171.jpg,0.5,10.0,4,A,pair_C1_bbc_vs_chc_icc,pair_C1_02,data/raw/stimuli/polygons/pair_com_bbc_vs_chc_icc_02.json,4.0,15,image,A_MB04_T132
1987,,Satelite,grid_31,960,1620,1,A_Satelite_047,data/raw/stimuli/CAT2000/Satelite/047.jpg,0.5,10.0,4,A,allfar_concave,allfar_concave_01,data/raw/stimuli/polygons/allfar_concave.json,4.0,16,image,A_MB04_T133
1987,,Satelite,grid_32,1920,1620,1,A_Satelite_191,data/raw/stimuli/CAT2000/Satelite/191.jpg,0.5,10.0,4,A,pair_C1_bbc_vs_chc_icc,pair_C1_03,data/raw/stimuli/polygons/pair_com_bbc_vs_chc_icc_03.json,4.0,17,image,A_MB04_T134
1987,,OutdoorNatural,grid_33,2880,1620,1,A_OutdoorNatural_193,data/raw/stimuli/CAT2000/OutdoorNatural/193.jpg,0.5,10.0,4,A,pair_C2_chc_vs_bbc_icc,pair_C2_02,data/raw/stimuli/polygons/pair_com_chc_vs_bbc_icc_02.json,4.0,18,image,A_MB04_T135
1987,,Fractal,grid_11,960,540,1,A_Fractal_121,data/raw/stimuli/CAT2000/Fractal/121.jpg,0.5,10.0,4,A,pair_C2_chc_vs_bbc_icc,pair_C2_03,data/raw/stimuli/polygons/pair_com_chc_vs_bbc_icc_03.json,4.0,19,image,A_MB04_T136
1987,,,grid_12,1920,540,1,,,0.5,10.0,4,A,iso_icc,iso_icc_03,data/raw/stimuli/polygons/iso_icc_03.json,4.0,20,empty,A_MB04_T137
1987,,Fractal,grid_13,2880,540,1,A_Fractal_199,data/raw/stimuli/CAT2000/Fractal/199.jpg,0.5,10.0,4,A,pair_C3_icc_vs_chc_bbc,pair_C3_02,data/raw/stimuli/polygons/pair_com_icc_vs_chc_bbc_02.json,4.0,21,image,A_MB04_T138
1987,,Sketch,grid_21,960,1080,1,A_Sketch_017,data/raw/stimuli/CAT2000/Sketch/017.jpg,0.5,10.0,4,A,baseline_asymmetric,baseline_asym_01,data/raw/stimuli/polygons/baseline_asymmetric_consolidated.json,4.0,22,image,A_MB04_T139
1987,,Fractal,grid_22,1920,1080,1,A_Fractal_123,data/raw/stimuli/CAT2000/Fractal/123.jpg,0.5,10.0,4,A,pair_C2_chc_vs_bbc_icc,pair_C2_03,data/raw/stimuli/polygons/pair_com_chc_vs_bbc_icc_03.json,4.0,23,image,A_MB04_T140
1987,,Random,grid_23,2880,1080,1,A_Random_043,data/raw/stimuli/CAT2000/Random/043.jpg,0.5,10.0,4,A,iso_chc,iso_chc_01,data/raw/stimuli/polygons/iso_chc_01.json,4.0,24,image,A_MB04_T141
1987,,Random,grid_31,960,1620,1,A_Random_139,data/raw/stimuli/CAT2000/Random/139.jpg,0.5,10.0,4,A,allfar_concave,allfar_concave_01,data/raw/stimuli/polygons/allfar_concave.json,4.0,25,image,A_MB04_T142
1987,,,grid_32,1920,1620,1,,,0.5,10.0,4,A,baseline_asymmetric,baseline_asym_01,data/raw/stimuli/polygons/baseline_asymmetric_consolidated.json,4.0,26,empty,A_MB04_T143
1987,,Fractal,grid_33,2880,1620,1,A_Fractal_043,data/raw/stimuli/CAT2000/Fractal/043.jpg,0.5,10.0,4,A,iso_chc,iso_chc_02,data/raw/stimuli/polygons/iso_chc_02.json,4.0,27,image,A_MB04_T144
1987,,Sketch,grid_11,960,540,1,A_Sketch_039,data/raw/stimuli/CAT2000/Sketch/039.jpg,0.5,10.0,4,A,pair_C3_icc_vs_chc_bbc,pair_C3_02,data/raw/stimuli/polygons/pair_com_icc_vs_chc_bbc_02.json,4.0,28,image,A_MB04_T145
1987,,Random,grid_12,1920,540,1,A_Random_029,data/raw/stimuli/CAT2000/Random/029.jpg,0.5,10.0,4,A,iso_com,iso_com_02,data/raw/stimuli/polygons/iso_com_02.json,4.0,29,image,A_MB04_T146
1987,,Satelite,grid_13,2880,540,1,A_Satelite_119,data/raw/stimuli/CAT2000/Satelite/119.jpg,0.5,10.0,4,A,pair_C1_bbc_vs_chc_icc,pair_C1_03,data/raw/stimuli/polygons/pair_com_bbc_vs_chc_icc_03.json,4.0,30,image,A_MB04_T147
1987,,Random,grid_21,960,1080,1,A_Random_181,data/raw/stimuli/CAT2000/Random/181.jpg,0.5,10.0,4,A,baseline_rectangle,baseline_rect_01,data/raw/stimuli/polygons/baseline_rectangle.json,4.0,31,image,A_MB04_T148
1987,,Random,grid_22,1920,1080,1,A_Random_035,data/raw/stimuli/CAT2000/Random/035.jpg,0.5,10.0,4,A,iso_bbc,iso_bbc_02,data/raw/stimuli/polygons/iso_bbc_02.json,4.0,32,image,A_MB04_T149
1987,,Object,grid_23,2880,1080,1,A_Object_189,data/raw/stimuli/CAT2000/Object/189.jpg,0.5,10.0,4,A,iso_chc,iso_chc_02,data/raw/stimuli/polygons/iso_chc_02.json,4.0,33,image,A_MB04_T150
1987,,Object,grid_31,960,1620,1,A_Object_173,data/raw/stimuli/CAT2000/Object/173.jpg,0.5,10.0,4,A,iso_bbc,iso_bbc_02,data/raw/stimuli/polygons/iso_bbc_02.json,4.0,34,image,A_MB04_T151
1987,,OutdoorNatural,grid_32,1920,1620,1,A_OutdoorNatural_103,data/raw/stimuli/CAT2000/OutdoorNatural/103.jpg,0.5,10.0,4,A,iso_chc,iso_chc_02,data/raw/stimuli/polygons/iso_chc_02.json,4.0,35,image,A_MB04_T152
1987,,Sketch,grid_33,2880,1620,1,A_Sketch_187,data/raw/stimuli/CAT2000/Sketch/187.jpg,0.5,10.0,4,A,pair_C1_bbc_vs_chc_icc,pair_C1_01,data/raw/stimuli/polygons/pair_com_bbc_vs_chc_icc_01.json,4.0,36,image,A_MB04_T153
1987,,Random,grid_11,960,540,1,A_Random_175,data/raw/stimuli/CAT2000/Random/175.jpg,0.5,10.0,4,A,pair_C2_chc_vs_bbc_icc,pair_C2_01,data/raw/stimuli/polygons/pair_com_chc_vs_bbc_icc_01.json,4.0,37,image,A_MB04_T154
1987,,OutdoorNatural,grid_12,1920,540,1,A_OutdoorNatural_195,data/raw/stimuli/CAT2000/OutdoorNatural/195.jpg,0.5,10.0,4,A,iso_icc,iso_icc_03,data/raw/stimuli/polygons/iso_icc_03.json,4.0,38,image,A_MB04_T155
1987,,Random,grid_13,2880,540,1,A_Random_005,data/raw/stimuli/CAT2000/Random/005.jpg,0.5,10.0,4,A,allfar_intermediate,allfar_intermediate_01,data/raw/stimuli/polygons/allfar_intermediate.json,4.0,39,image,A_MB04_T156
1987,,OutdoorNatural,grid_21,960,1080,1,A_OutdoorNatural_021,data/raw/stimuli/CAT2000/OutdoorNatural/021.jpg,0.5,10.0,5,A,baseline_rectangle,baseline_rect_01,data/raw/stimuli/polygons/baseline_rectangle.json,4.0,1,image,A_MB05_T157
1987,,Random,grid_22,1920,1080,1,A_Random_157,data/raw/stimuli/CAT2000/Random/157.jpg,0.5,10.0,5,A,iso_icc,iso_icc_02,data/raw/stimuli/polygons/iso_icc_02.json,4.0,2,image,A_MB05_T158
1987,,Fractal,grid_23,2880,1080,1,A_Fractal_047,data/raw/stimuli/CAT2000/Fractal/047.jpg,0.5,10.0,5,A,pair_C1_bbc_vs_chc_icc,pair_C1_03,data/raw/stimuli/polygons/pair_com_bbc_vs_chc_icc_03.json,4.0,3,image,A_MB05_T159
1987,,Satelite,grid_31,960,1620,1,A_Satelite_163,data/raw/stimuli/CAT2000/Satelite/163.jpg,0.5,10.0,5,A,iso_icc,iso_icc_02,data/raw/stimuli/polygons/iso_icc_02.json,4.0,4,image,A_MB05_T160
1987,,Object,grid_32,1920,1620,1,A_Object_193,data/raw/stimuli/CAT2000/Object/193.jpg,0.5,10.0,5,A,iso_bbc,iso_bbc_01,data/raw/stimuli/polygons/iso_bbc_01.json,4.0,5,image,A_MB05_T161
1987,,Satelite,grid_33,2880,1620,1,A_Satelite_171,data/raw/stimuli/CAT2000/Satelite/171.jpg,0.5,10.0,5,A,iso_bbc,iso_bbc_01,data/raw/stimuli/polygons/iso_bbc_01.json,4.0,6,image,A_MB05_T162
1987,,Object,grid_11,960,540,1,A_Object_153,data/raw/stimuli/CAT2000/Object/153.jpg,0.5,10.0,5,A,pair_C3_icc_vs_chc_bbc,pair_C3_03,data/raw/stimuli/polygons/pair_com_icc_vs_chc_bbc_03.json,4.0,7,image,A_MB05_T163
1987,,OutdoorNatural,grid_12,1920,540,1,A_OutdoorNatural_107,data/raw/stimuli/CAT2000/OutdoorNatural/107.jpg,0.5,10.0,5,A,pair_C2_chc_vs_bbc_icc,pair_C2_01,data/raw/stimuli/polygons/pair_com_chc_vs_bbc_icc_01.json,4.0,8,image,A_MB05_T164
1987,,,grid_13,2880,540,1,,,0.5,10.0,5,A,allfar_intermediate,allfar_intermediate_01,data/raw/stimuli/polygons/allfar_intermediate.json,4.0,9,empty,A_MB05_T165
1987,,Object,grid_21,960,1080,1,A_Object_147,data/raw/stimuli/CAT2000/Object/147.jpg,0.5,10.0,5,A,pair_C1_bbc_vs_chc_icc,pair_C1_03,data/raw/stimuli/polygons/pair_com_bbc_vs_chc_icc_03.json,4.0,10,image,A_MB05_T166
1987,,Object,grid_22,1920,1080,1,A_Object_043,data/raw/stimuli/CAT2000/Object/043.jpg,0.5,10.0,5,A,pair_C3_icc_vs_chc_bbc,pair_C3_01,data/raw/stimuli/polygons/pair_com_icc_vs_chc_bbc_01.json,4.0,11,image,A_MB05_T167
1987,,Sketch,grid_23,2880,1080,1,A_Sketch_127,data/raw/stimuli/CAT2000/Sketch/127.jpg,0.5,10.0,5,A,iso_com,iso_com_02,data/raw/stimuli/polygons/iso_com_02.json,4.0,12,image,A_MB05_T168
1987,,Fractal,grid_31,960,1620,1,A_Fractal_085,data/raw/stimuli/CAT2000/Fractal/085.jpg,0.5,10.0,5,A,allfar_concave,allfar_concave_01,data/raw/stimuli/polygons/allfar_concave.json,4.0,13,image,A_MB05_T169
1987,,Fractal,grid_32,1920,1620,1,A_Fractal_021,data/raw/stimuli/CAT2000/Fractal/021.jpg,0.5,10.0,5,A,baseline_asymmetric,baseline_asym_01,data/raw/stimuli/polygons/baseline_asymmetric_consolidated.json,4.0,14,image,A_MB05_T170
1987,,Satelite,grid_33,2880,1620,1,A_Satelite_147,data/raw/stimuli/CAT2000/Satelite/147.jpg,0.5,10.0,5,A,pair_C2_chc_vs_bbc_icc,pair_C2_02,data/raw/stimuli/polygons/pair_com_chc_vs_bbc_icc_02.json,4.0,15,image,A_MB05_T171
1987,,Satelite,grid_11,960,540,1,A_Satelite_107,data/raw/stimuli/CAT2000/Satelite/107.jpg,0.5,10.0,5,A,iso_chc,iso_chc_02,data/raw/stimuli/polygons/iso_chc_02.json,4.0,16,image,A_MB05_T172
1987,,Satelite,grid_12,1920,540,1,A_Satelite_155,data/raw/stimuli/CAT2000/Satelite/155.jpg,0.5,10.0,5,A,allfar_convex,allfar_convex_01,data/raw/stimuli/polygons/allfar_convex.json,4.0,17,image,A_MB05_T173
1987,,OutdoorNatural,grid_13,2880,540,1,A_OutdoorNatural_159,data/raw/stimuli/CAT2000/OutdoorNatural/159.jpg,0.5,10.0,5,A,iso_icc,iso_icc_02,data/raw/stimuli/polygons/iso_icc_02.json,4.0,18,image,A_MB05_T174
1987,,,grid_21,960,1080,1,,,0.5,10.0,5,A,pair_C3_icc_vs_chc_bbc,pair_C3_03,data/raw/stimuli/polygons/pair_com_icc_vs_chc_bbc_03.json,4.0,19,empty,A_MB05_T175
1987,,Sketch,grid_22,1920,1080,1,A_Sketch_067,data/raw/stimuli/CAT2000/Sketch/067.jpg,0.5,10.0,5,A,iso_com,iso_com_01,data/raw/stimuli/polygons/iso_com_01.json,4.0,20,image,A_MB05_T176
1987,,Satelite,grid_23,2880,1080,1,A_Satelite_049,data/raw/stimuli/CAT2000/Satelite/049.jpg,0.5,10.0,5,A,pair_C3_icc_vs_chc_bbc,pair_C3_02,data/raw/stimuli/polygons/pair_com_icc_vs_chc_bbc_02.json,4.0,21,image,A_MB05_T177
1987,,Random,grid_31,960,1620,1,A_Random_147,data/raw/stimuli/CAT2000/Random/147.jpg,0.5,10.0,5,A,pair_C1_bbc_vs_chc_icc,pair_C1_01,data/raw/stimuli/polygons/pair_com_bbc_vs_chc_icc_01.json,4.0,22,image,A_MB05_T178
1987,,OutdoorNatural,grid_32,1920,1620,1,A_OutdoorNatural_089,data/raw/stimuli/CAT2000/OutdoorNatural/089.jpg,0.5,10.0,5,A,iso_icc,iso_icc_03,data/raw/stimuli/polygons/iso_icc_03.json,4.0,23,image,A_MB05_T179
1987,,Object,grid_33,2880,1620,1,A_Object_049,data/raw/stimuli/CAT2000/Object/049.jpg,0.5,10.0,5,A,allfar_intermediate,allfar_intermediate_01,data/raw/stimuli/polygons/allfar_intermediate.json,4.0,24,image,A_MB05_T180
1987,,OutdoorNatural,grid_11,960,540,1,A_OutdoorNatural_127,data/raw/stimuli/CAT2000/OutdoorNatural/127.jpg,0.5,10.0,5,A,pair_C2_chc_vs_bbc_icc,pair_C2_01,data/raw/stimuli/polygons/pair_com_chc_vs_bbc_icc_01.json,4.0,25,image,A_MB05_T181
1987,,Satelite,grid_12,1920,540,1,A_Satelite_099,data/raw/stimuli/CAT2000/Satelite/099.jpg,0.5,10.0,5,A,iso_icc,iso_icc_01,data/raw/stimuli/polygons/iso_icc_01.json,4.0,26,image,A_MB05_T182
1987,,OutdoorNatural,grid_13,2880,540,1,A_OutdoorNatural_029,data/raw/stimuli/CAT2000/OutdoorNatural/029.jpg,0.5,10.0,5,A,iso_com,iso_com_01,data/raw/stimuli/polygons/iso_com_01.json,4.0,27,image,A_MB05_T183
1987,,Random,grid_21,960,1080,1,A_Random_111,data/raw/stimuli/CAT2000/Random/111.jpg,0.5,10.0,5,A,iso_chc,iso_chc_03,data/raw/stimuli/polygons/iso_chc_03.json,4.0,28,image,A_MB05_T184
1987,,Satelite,grid_22,1920,1080,1,A_Satelite_001,data/raw/stimuli/CAT2000/Satelite/001.jpg,0.5,10.0,5,A,iso_bbc,iso_bbc_03,data/raw/stimuli/polygons/iso_bbc_03.json,4.0,29,image,A_MB05_T185
1987,,Random,grid_23,2880,1080,1,A_Random_109,data/raw/stimuli/CAT2000/Random/109.jpg,0.5,10.0,5,A,iso_com,iso_com_01,data/raw/stimuli/polygons/iso_com_01.json,4.0,30,image,A_MB05_T186
1987,,Object,grid_31,960,1620,1,A_Object_051,data/raw/stimuli/CAT2000/Object/051.jpg,0.5,10.0,5,A,baseline_symmetric,baseline_sym_01,data/raw/stimuli/polygons/baseline_symmetric_consolidated.json,4.0,31,image,A_MB05_T187
1987,,Sketch,grid_32,1920,1620,1,A_Sketch_165,data/raw/stimuli/CAT2000/Sketch/165.jpg,0.5,10.0,5,A,iso_bbc,iso_bbc_01,data/raw/stimuli/polygons/iso_bbc_01.json,4.0,32,image,A_MB05_T188
1987,,Satelite,grid_33,2880,1620,1,A_Satelite_081,data/raw/stimuli/CAT2000/Satelite/081.jpg,0.5,10.0,5,A,baseline_rectangle,baseline_rect_01,data/raw/stimuli/polygons/baseline_rectangle.json,4.0,33,image,A_MB05_T189
1987,,Sketch,grid_11,960,540,1,A_Sketch_147,data/raw/stimuli/CAT2000/Sketch/147.jpg,0.5,10.0,5,A,pair_C1_bbc_vs_chc_icc,pair_C1_03,data/raw/stimuli/polygons/pair_com_bbc_vs_chc_icc_03.json,4.0,34,image,A_MB05_T190
1987,,Satelite,grid_12,1920,540,1,A_Satelite_151,data/raw/stimuli/CAT2000/Satelite/151.jpg,0.5,10.0,5,A,iso_chc,iso_chc_02,data/raw/stimuli/polygons/iso_chc_02.json,4.0,35,image,A_MB05_T191
1987,,,grid_13,2880,540,1,,,0.5,10.0,5,A,pair_C2_chc_vs_bbc_icc,pair_C2_03,data/raw/stimuli/polygons/pair_com_chc_vs_bbc_icc_03.json,4.0,36,empty,A_MB05_T192
1987,,Object,grid_21,960,1080,1,A_Object_089,data/raw/stimuli/CAT2000/Object/089.jpg,0.5,10.0,5,A,iso_com,iso_com_01,data/raw/stimuli/polygons/iso_com_01.json,4.0,37,image,A_MB05_T193
1987,,Fractal,grid_22,1920,1080,1,A_Fractal_175,data/raw/stimuli/CAT2000/Fractal/175.jpg,0.5,10.0,5,A,iso_bbc,iso_bbc_03,data/raw/stimuli/polygons/iso_bbc_03.json,4.0,38,image,A_MB05_T194
1987,,OutdoorNatural,grid_23,2880,1080,1,A_OutdoorNatural_099,data/raw/stimuli/CAT2000/OutdoorNatural/099.jpg,0.5,10.0,5,A,allfar_concave,allfar_concave_01,data/raw/stimuli/polygons/allfar_concave.json,4.0,39,image,A_MB05_T195
1987,,Satelite,grid_31,960,1620,1,A_Satelite_059,data/raw/stimuli/CAT2000/Satelite/059.jpg,0.5,10.0,6,A,pair_C2_chc_vs_bbc_icc,pair_C2_03,data/raw/stimuli/polygons/pair_com_chc_vs_bbc_icc_03.json,4.0,1,image,A_MB06_T196
1987,,OutdoorNatural,grid_32,1920,1620,1,A_OutdoorNatural_097,data/raw/stimuli/CAT2000/OutdoorNatural/097.jpg,0.5,10.0,6,A,allfar_intermediate,allfar_intermediate_01,data/raw/stimuli/polygons/allfar_intermediate.json,4.0,2,image,A_MB06_T197
1987,,Random,grid_33,2880,1620,1,A_Random_065,data/raw/stimuli/CAT2000/Random/065.jpg,0.5,10.0,6,A,pair_C3_icc_vs_chc_bbc,pair_C3_01,data/raw/stimuli/polygons/pair_com_icc_vs_chc_bbc_01.json,4.0,3,image,A_MB06_T198
1987,,Satelite,grid_11,960,540,1,A_Satelite_175,data/raw/stimuli/CAT2000/Satelite/175.jpg,0.5,10.0,6,A,iso_icc,iso_icc_03,data/raw/stimuli/polygons/iso_icc_03.json,4.0,4,image,A_MB06_T199
1987,,Satelite,grid_12,1920,540,1,A_Satelite_127,data/raw/stimuli/CAT2000/Satelite/127.jpg,0.5,10.0,6,A,iso_com,iso_com_02,data/raw/stimuli/polygons/iso_com_02.json,4.0,5,image,A_MB06_T200
1987,,OutdoorNatural,grid_13,2880,540,1,A_OutdoorNatural_035,data/raw/stimuli/CAT2000/OutdoorNatural/035.jpg,0.5,10.0,6,A,pair_C1_bbc_vs_chc_icc,pair_C1_01,data/raw/stimuli/polygons/pair_com_bbc_vs_chc_icc_01.json,4.0,6,image,A_MB06_T201
1987,,OutdoorNatural,grid_21,960,1080,1,A_OutdoorNatural_101,data/raw/stimuli/CAT2000/OutdoorNatural/101.jpg,0.5,10.0,6,A,pair_C2_chc_vs_bbc_icc,pair_C2_02,data/raw/stimuli/polygons/pair_com_chc_vs_bbc_icc_02.json,4.0,7,image,A_MB06_T202
1987,,OutdoorNatural,grid_22,1920,1080,1,A_OutdoorNatural_165,data/raw/stimuli/CAT2000/OutdoorNatural/165.jpg,0.5,10.0,6,A,iso_chc,iso_chc_03,data/raw/stimuli/polygons/iso_chc_03.json,4.0,8,image,A_MB06_T203
1987,,Satelite,grid_23,2880,1080,1,A_Satelite_131,data/raw/stimuli/CAT2000/Satelite/131.jpg,0.5,10.0,6,A,pair_C2_chc_vs_bbc_icc,pair_C2_02,data/raw/stimuli/polygons/pair_com_chc_vs_bbc_icc_02.json,4.0,9,image,A_MB06_T204
1987,,Object,grid_31,960,1620,1,A_Object_141,data/raw/stimuli/CAT2000/Object/141.jpg,0.5,10.0,6,A,pair_C1_bbc_vs_chc_icc,pair_C1_01,data/raw/stimuli/polygons/pair_com_bbc_vs_chc_icc_01.json,4.0,10,image,A_MB06_T205
1987,,Random,grid_32,1920,1620,1,A_Random_151,data/raw/stimuli/CAT2000/Random/151.jpg,0.5,10.0,6,A,pair_C1_bbc_vs_chc_icc,pair_C1_03,data/raw/stimuli/polygons/pair_com_bbc_vs_chc_icc_03.json,4.0,11,image,A_MB06_T206
1987,,Fractal,grid_33,2880,1620,1,A_Fractal_081,data/raw/stimuli/CAT2000/Fractal/081.jpg,0.5,10.0,6,A,pair_C2_chc_vs_bbc_icc,pair_C2_01,data/raw/stimuli/polygons/pair_com_chc_vs_bbc_icc_01.json,4.0,12,image,A_MB06_T207
1987,,Object,grid_11,960,540,1,A_Object_021,data/raw/stimuli/CAT2000/Object/021.jpg,0.5,10.0,6,A,pair_C2_chc_vs_bbc_icc,pair_C2_02,data/raw/stimuli/polygons/pair_com_chc_vs_bbc_icc_02.json,4.0,13,image,A_MB06_T208
1987,,Object,grid_12,1920,540,1,A_Object_133,data/raw/stimuli/CAT2000/Object/133.jpg,0.5,10.0,6,A,pair_C3_icc_vs_chc_bbc,pair_C3_02,data/raw/stimuli/polygons/pair_com_icc_vs_chc_bbc_02.json,4.0,14,image,A_MB06_T209
1987,,OutdoorNatural,grid_13,2880,540,1,A_OutdoorNatural_079,data/raw/stimuli/CAT2000/OutdoorNatural/079.jpg,0.5,10.0,6,A,allfar_intermediate,allfar_intermediate_01,data/raw/stimuli/polygons/allfar_intermediate.json,4.0,15,image,A_MB06_T210
1987,,Random,grid_21,960,1080,1,A_Random_163,data/raw/stimuli/CAT2000/Random/163.jpg,0.5,10.0,6,A,pair_C2_chc_vs_bbc_icc,pair_C2_02,data/raw/stimuli/polygons/pair_com_chc_vs_bbc_icc_02.json,4.0,16,image,A_MB06_T211
1987,,Random,grid_22,1920,1080,1,A_Random_083,data/raw/stimuli/CAT2000/Random/083.jpg,0.5,10.0,6,A,iso_chc,iso_chc_02,data/raw/stimuli/polygons/iso_chc_02.json,4.0,17,image,A_MB06_T212
1987,,Sketch,grid_23,2880,1080,1,A_Sketch_199,data/raw/stimuli/CAT2000/Sketch/199.jpg,0.5,10.0,6,A,pair_C2_chc_vs_bbc_icc,pair_C2_02,data/raw/stimuli/polygons/pair_com_chc_vs_bbc_icc_02.json,4.0,18,image,A_MB06_T213
1987,,Random,grid_31,960,1620,1,A_Random_045,data/raw/stimuli/CAT2000/Random/045.jpg,0.5,10.0,6,A,pair_C2_chc_vs_bbc_icc,pair_C2_03,data/raw/stimuli/polygons/pair_com_chc_vs_bbc_icc_03.json,4.0,19,image,A_MB06_T214
1987,,,grid_32,1920,1620,1,,,0.5,10.0,6,A,pair_C1_bbc_vs_chc_icc,pair_C1_03,data/raw/stimuli/polygons/pair_com_bbc_vs_chc_icc_03.json,4.0,20,empty,A_MB06_T215
1987,,OutdoorNatural,grid_33,2880,1620,1,A_OutdoorNatural_167,data/raw/stimuli/CAT2000/OutdoorNatural/167.jpg,0.5,10.0,6,A,pair_C1_bbc_vs_chc_icc,pair_C1_02,data/raw/stimuli/polygons/pair_com_bbc_vs_chc_icc_02.json,4.0,21,image,A_MB06_T216
1987,,Fractal,grid_11,960,540,1,A_Fractal_075,data/raw/stimuli/CAT2000/Fractal/075.jpg,0.5,10.0,6,A,iso_chc,iso_chc_01,data/raw/stimuli/polygons/iso_chc_01.json,4.0,22,image,A_MB06_T217
1987,,OutdoorNatural,grid_12,1920,540,1,A_OutdoorNatural_003,data/raw/stimuli/CAT2000/OutdoorNatural/003.jpg,0.5,10.0,6,A,iso_icc,iso_icc_01,data/raw/stimuli/polygons/iso_icc_01.json,4.0,23,image,A_MB06_T218
1987,,,grid_13,2880,540,1,,,0.5,10.0,6,A,iso_bbc,iso_bbc_01,data/raw/stimuli/polygons/iso_bbc_01.json,4.0,24,empty,A_MB06_T219
1987,,Sketch,grid_21,960,1080,1,A_Sketch_013,data/raw/stimuli/CAT2000/Sketch/013.jpg,0.5,10.0,6,A,iso_icc,iso_icc_01,data/raw/stimuli/polygons/iso_icc_01.json,4.0,25,image,A_MB06_T220
1987,,OutdoorNatural,grid_22,1920,1080,1,A_OutdoorNatural_047,data/raw/stimuli/CAT2000/OutdoorNatural/047.jpg,0.5,10.0,6,A,baseline_asymmetric,baseline_asym_01,data/raw/stimuli/polygons/baseline_asymmetric_consolidated.json,4.0,26,image,A_MB06_T221
1987,,OutdoorNatural,grid_23,2880,1080,1,A_OutdoorNatural_173,data/raw/stimuli/CAT2000/OutdoorNatural/173.jpg,0.5,10.0,6,A,pair_C1_bbc_vs_chc_icc,pair_C1_03,data/raw/stimuli/polygons/pair_com_bbc_vs_chc_icc_03.json,4.0,27,image,A_MB06_T222
1987,,Random,grid_31,960,1620,1,A_Random_039,data/raw/stimuli/CAT2000/Random/039.jpg,0.5,10.0,6,A,pair_C1_bbc_vs_chc_icc,pair_C1_02,data/raw/stimuli/polygons/pair_com_bbc_vs_chc_icc_02.json,4.0,28,image,A_MB06_T223
1987,,Object,grid_32,1920,1620,1,A_Object_161,data/raw/stimuli/CAT2000/Object/161.jpg,0.5,10.0,6,A,pair_C1_bbc_vs_chc_icc,pair_C1_03,data/raw/stimuli/polygons/pair_com_bbc_vs_chc_icc_03.json,4.0,29,image,A_MB06_T224
1987,,Satelite,grid_33,2880,1620,1,A_Satelite_083,data/raw/stimuli/CAT2000/Satelite/083.jpg,0.5,10.0,6,A,iso_chc,iso_chc_03,data/raw/stimuli/polygons/iso_chc_03.json,4.0,30,image,A_MB06_T225
1987,,Sketch,grid_11,960,540,1,A_Sketch_057,data/raw/stimuli/CAT2000/Sketch/057.jpg,0.5,10.0,6,A,iso_chc,iso_chc_02,data/raw/stimuli/polygons/iso_chc_02.json,4.0,31,image,A_MB06_T226
1987,,Satelite,grid_12,1920,540,1,A_Satelite_055,data/raw/stimuli/CAT2000/Satelite/055.jpg,0.5,10.0,6,A,iso_bbc,iso_bbc_01,data/raw/stimuli/polygons/iso_bbc_01.json,4.0,32,image,A_MB06_T227
1987,,Object,grid_13,2880,540,1,A_Object_077,data/raw/stimuli/CAT2000/Object/077.jpg,0.5,10.0,6,A,baseline_rectangle,baseline_rect_01,data/raw/stimuli/polygons/baseline_rectangle.json,4.0,33,image,A_MB06_T228
1987,,Fractal,grid_21,960,1080,1,A_Fractal_153,data/raw/stimuli/CAT2000/Fractal/153.jpg,0.5,10.0,6,A,iso_chc,iso_chc_01,data/raw/stimuli/polygons/iso_chc_01.json,4.0,34,image,A_MB06_T229
1987,,,grid_22,1920,1080,1,,,0.5,10.0,6,A,iso_com,iso_com_02,data/raw/stimuli/polygons/iso_com_02.json,4.0,35,empty,A_MB06_T230
1987,,Sketch,grid_23,2880,1080,1,A_Sketch_087,data/raw/stimuli/CAT2000/Sketch/087.jpg,0.5,10.0,6,A,pair_C3_icc_vs_chc_bbc,pair_C3_03,data/raw/stimuli/polygons/pair_com_icc_vs_chc_bbc_03.json,4.0,36,image,A_MB06_T231
1987,,OutdoorNatural,grid_31,960,1620,1,A_OutdoorNatural_183,data/raw/stimuli/CAT2000/OutdoorNatural/183.jpg,0.5,10.0,6,A,iso_bbc,iso_bbc_01,data/raw/stimuli/polygons/iso_bbc_01.json,4.0,37,image,A_MB06_T232
1987,,OutdoorNatural,grid_32,1920,1620,1,A_OutdoorNatural_171,data/raw/stimuli/CAT2000/OutdoorNatural/171.jpg,0.5,10.0,6,A,iso_bbc,iso_bbc_02,data/raw/stimuli/polygons/iso_bbc_02.json,4.0,38,image,A_MB06_T233
1987,,Object,grid_33,2880,1620,1,A_Object_115,data/raw/stimuli/CAT2000/Object/115.jpg,0.5,10.0,6,A,allfar_concave,allfar_concave_01,data/raw/stimuli/polygons/allfar_concave.json,4.0,39,image,A_MB06_T234
1987,,OutdoorNatural,grid_11,960,540,1,A_OutdoorNatural_043,data/raw/stimuli/CAT2000/OutdoorNatural/043.jpg,0.5,10.0,7,A,pair_C2_chc_vs_bbc_icc,pair_C2_03,data/raw/stimuli/polygons/pair_com_chc_vs_bbc_icc_03.json,4.0,1,image,A_MB07_T235
1987,,Sketch,grid_12,1920,540,1,A_Sketch_137,data/raw/stimuli/CAT2000/Sketch/137.jpg,0.5,10.0,7,A,iso_bbc,iso_bbc_02,data/raw/stimuli/polygons/iso_bbc_02.json,4.0,2,image,A_MB07_T236
1987,,Object,grid_13,2880,540,1,A_Object_011,data/raw/stimuli/CAT2000/Object/011.jpg,0.5,10.0,7,A,allfar_convex,allfar_convex_01,data/raw/stimuli/polygons/allfar_convex.json,4.0,3,image,A_MB07_T237
1987,,Satelite,grid_21,960,1080,1,A_Satelite_023,data/raw/stimuli/CAT2000/Satelite/023.jpg,0.5,10.0,7,A,iso_chc,iso_chc_01,data/raw/stimuli/polygons/iso_chc_01.json,4.0,4,image,A_MB07_T238
1987,,Sketch,grid_22,1920,1080,1,A_Sketch_005,data/raw/stimuli/CAT2000/Sketch/005.jpg,0.5,10.0,7,A,pair_C2_chc_vs_bbc_icc,pair_C2_03,data/raw/stimuli/polygons/pair_com_chc_vs_bbc_icc_03.json,4.0,5,image,A_MB07_T239
1987,,Sketch,grid_23,2880,1080,1,A_Sketch_101,data/raw/stimuli/CAT2000/Sketch/101.jpg,0.5,10.0,7,A,iso_chc,iso_chc_03,data/raw/stimuli/polygons/iso_chc_03.json,4.0,6,image,A_MB07_T240
1987,,Random,grid_31,960,1620,1,A_Random_075,data/raw/stimuli/CAT2000/Random/075.jpg,0.5,10.0,7,A,iso_chc,iso_chc_02,data/raw/stimuli/polygons/iso_chc_02.json,4.0,7,image,A_MB07_T241
1987,,Object,grid_32,1920,1620,1,A_Object_059,data/raw/stimuli/CAT2000/Object/059.jpg,0.5,10.0,7,A,pair_C2_chc_vs_bbc_icc,pair_C2_02,data/raw/stimuli/polygons/pair_com_chc_vs_bbc_icc_02.json,4.0,8,image,A_MB07_T242
1987,,Random,grid_33,2880,1620,1,A_Random_137,data/raw/stimuli/CAT2000/Random/137.jpg,0.5,10.0,7,A,iso_bbc,iso_bbc_03,data/raw/stimuli/polygons/iso_bbc_03.json,4.0,9,image,A_MB07_T243
1987,,Sketch,grid_11,960,540,1,A_Sketch_059,data/raw/stimuli/CAT2000/Sketch/059.jpg,0.5,10.0,7,A,pair_C1_bbc_vs_chc_icc,pair_C1_03,data/raw/stimuli/polygons/pair_com_bbc_vs_chc_icc_03.json,4.0,10,image,A_MB07_T244
1987,,OutdoorNatural,grid_12,1920,540,1,A_OutdoorNatural_199,data/raw/stimuli/CAT2000/OutdoorNatural/199.jpg,0.5,10.0,7,A,pair_C2_chc_vs_bbc_icc,pair_C2_03,data/raw/stimuli/polygons/pair_com_chc_vs_bbc_icc_03.json,4.0,11,image,A_MB07_T245
1987,,Random,grid_13,2880,540,1,A_Random_003,data/raw/stimuli/CAT2000/Random/003.jpg,0.5,10.0,7,A,baseline_asymmetric,baseline_asym_01,data/raw/stimuli/polygons/baseline_asymmetric_consolidated.json,4.0,12,image,A_MB07_T246
1987,,Fractal,grid_21,960,1080,1,A_Fractal_133,data/raw/stimuli/CAT2000/Fractal/133.jpg,0.5,10.0,7,A,pair_C2_chc_vs_bbc_icc,pair_C2_02,data/raw/stimuli/polygons/pair_com_chc_vs_bbc_icc_02.json,4.0,13,image,A_MB07_T247
1987,,Sketch,grid_22,1920,1080,1,A_Sketch_177,data/raw/stimuli/CAT2000/Sketch/177.jpg,0.5,10.0,7,A,iso_icc,iso_icc_01,data/raw/stimuli/polygons/iso_icc_01.json,4.0,14,image,A_MB07_T248
1987,,Satelite,grid_23,2880,1080,1,A_Satelite_161,data/raw/stimuli/CAT2000/Satelite/161.jpg,0.5,10.0,7,A,baseline_asymmetric,baseline_asym_01,data/raw/stimuli/polygons/baseline_asymmetric_consolidated.json,4.0,15,image,A_MB07_T249
1987,,Random,grid_31,960,1620,1,A_Random_089,data/raw/stimuli/CAT2000/Random/089.jpg,0.5,10.0,7,A,iso_com,iso_com_03,data/raw/stimuli/polygons/iso_com_03.json,4.0,16,image,A_MB07_T250
1987,,Object,grid_32,1920,1620,1,A_Object_019,data/raw/stimuli/CAT2000/Object/019.jpg,0.5,10.0,7,A,iso_icc,iso_icc_03,data/raw/stimuli/polygons/iso_icc_03.json,4.0,17,image,A_MB07_T251
1987,,Sketch,grid_33,2880,1620,1,A_Sketch_069,data/raw/stimuli/CAT2000/Sketch/069.jpg,0.5,10.0,7,A,baseline_symmetric,baseline_sym_01,data/raw/stimuli/polygons/baseline_symmetric_consolidated.json,4.0,18,image,A_MB07_T252
1987,,Random,grid_11,960,540,1,A_Random_051,data/raw/stimuli/CAT2000/Random/051.jpg,0.5,10.0,7,A,baseline_symmetric,baseline_sym_01,data/raw/stimuli/polygons/baseline_symmetric_consolidated.json,4.0,19,image,A_MB07_T253
1987,,Satelite,grid_12,1920,540,1,A_Satelite_153,data/raw/stimuli/CAT2000/Satelite/153.jpg,0.5,10.0,7,A,allfar_concave,allfar_concave_01,data/raw/stimuli/polygons/allfar_concave.json,4.0,20,image,A_MB07_T254
1987,,Random,grid_13,2880,540,1,A_Random_087,data/raw/stimuli/CAT2000/Random/087.jpg,0.5,10.0,7,A,iso_bbc,iso_bbc_02,data/raw/stimuli/polygons/iso_bbc_02.json,4.0,21,image,A_MB07_T255
1987,,,grid_21,960,1080,1,,,0.5,10.0,7,A,iso_com,iso_com_03,data/raw/stimuli/polygons/iso_com_03.json,4.0,22,empty,A_MB07_T256
1987,,,grid_22,1920,1080,1,,,0.5,10.0,7,A,pair_C3_icc_vs_chc_bbc,pair_C3_02,data/raw/stimuli/polygons/pair_com_icc_vs_chc_bbc_02.json,4.0,23,empty,A_MB07_T257
1987,,Satelite,grid_23,2880,1080,1,A_Satelite_067,data/raw/stimuli/CAT2000/Satelite/067.jpg,0.5,10.0,7,A,baseline_symmetric,baseline_sym_01,data/raw/stimuli/polygons/baseline_symmetric_consolidated.json,4.0,24,image,A_MB07_T258
1987,,Fractal,grid_31,960,1620,1,A_Fractal_099,data/raw/stimuli/CAT2000/Fractal/099.jpg,0.5,10.0,7,A,iso_bbc,iso_bbc_01,data/raw/stimuli/polygons/iso_bbc_01.json,4.0,25,image,A_MB07_T259
1987,,Random,grid_32,1920,1620,1,A_Random_127,data/raw/stimuli/CAT2000/Random/127.jpg,0.5,10.0,7,A,iso_icc,iso_icc_03,data/raw/stimuli/polygons/iso_icc_03.json,4.0,26,image,A_MB07_T260
1987,,Random,grid_33,2880,1620,1,A_Random_069,data/raw/stimuli/CAT2000/Random/069.jpg,0.5,10.0,7,A,pair_C3_icc_vs_chc_bbc,pair_C3_02,data/raw/stimuli/polygons/pair_com_icc_vs_chc_bbc_02.json,4.0,27,image,A_MB07_T261
1987,,Satelite,grid_11,960,540,1,A_Satelite_179,data/raw/stimuli/CAT2000/Satelite/179.jpg,0.5,10.0,7,A,pair_C1_bbc_vs_chc_icc,pair_C1_01,data/raw/stimuli/polygons/pair_com_bbc_vs_chc_icc_01.json,4.0,28,image,A_MB07_T262
1987,,Fractal,grid_12,1920,540,1,A_Fractal_005,data/raw/stimuli/CAT2000/Fractal/005.jpg,0.5,10.0,7,A,pair_C3_icc_vs_chc_bbc,pair_C3_03,data/raw/stimuli/polygons/pair_com_icc_vs_chc_bbc_03.json,4.0,29,image,A_MB07_T263
1987,,Satelite,grid_13,2880,540,1,A_Satelite_043,data/raw/stimuli/CAT2000/Satelite/043.jpg,0.5,10.0,7,A,pair_C1_bbc_vs_chc_icc,pair_C1_02,data/raw/stimuli/polygons/pair_com_bbc_vs_chc_icc_02.json,4.0,30,image,A_MB07_T264
1987,,Random,grid_21,960,1080,1,A_Random_095,data/raw/stimuli/CAT2000/Random/095.jpg,0.5,10.0,7,A,iso_icc,iso_icc_02,data/raw/stimuli/polygons/iso_icc_02.json,4.0,31,image,A_MB07_T265
1987,,OutdoorNatural,grid_22,1920,1080,1,A_OutdoorNatural_081,data/raw/stimuli/CAT2000/OutdoorNatural/081.jpg,0.5,10.0,7,A,iso_icc,iso_icc_02,data/raw/stimuli/polygons/iso_icc_02.json,4.0,32,image,A_MB07_T266
1987,,Sketch,grid_23,2880,1080,1,A_Sketch_051,data/raw/stimuli/CAT2000/Sketch/051.jpg,0.5,10.0,7,A,iso_icc,iso_icc_03,data/raw/stimuli/polygons/iso_icc_03.json,4.0,33,image,A_MB07_T267
1987,,Satelite,grid_31,960,1620,1,A_Satelite_115,data/raw/stimuli/CAT2000/Satelite/115.jpg,0.5,10.0,7,A,iso_com,iso_com_01,data/raw/stimuli/polygons/iso_com_01.json,4.0,34,image,A_MB07_T268
1987,,Satelite,grid_32,1920,1620,1,A_Satelite_025,data/raw/stimuli/CAT2000/Satelite/025.jpg,0.5,10.0,7,A,pair_C2_chc_vs_bbc_icc,pair_C2_03,data/raw/stimuli/polygons/pair_com_chc_vs_bbc_icc_03.json,4.0,35,image,A_MB07_T269
1987,,,grid_33,2880,1620,1,,,0.5,10.0,7,A,iso_com,iso_com_01,data/raw/stimuli/polygons/iso_com_01.json,4.0,36,empty,A_MB07_T270
1987,,OutdoorNatural,grid_11,960,540,1,A_OutdoorNatural_013,data/raw/stimuli/CAT2000/OutdoorNatural/013.jpg,0.5,10.0,7,A,pair_C3_icc_vs_chc_bbc,pair_C3_02,data/raw/stimuli/polygons/pair_com_icc_vs_chc_bbc_02.json,4.0,37,image,A_MB07_T271
1987,,Object,grid_12,1920,540,1,A_Object_129,data/raw/stimuli/CAT2000/Object/129.jpg,0.5,10.0,7,A,pair_C2_chc_vs_bbc_icc,pair_C2_01,data/raw/stimuli/polygons/pair_com_chc_vs_bbc_icc_01.json,4.0,38,image,A_MB07_T272
1987,,Satelite,grid_13,2880,540,1,A_Satelite_159,data/raw/stimuli/CAT2000/Satelite/159.jpg,0.5,10.0,7,A,iso_bbc,iso_bbc_02,data/raw/stimuli/polygons/iso_bbc_02.json,4.0,39,image,A_MB07_T273
1987,,Object,grid_21,960,1080,1,A_Object_009,data/raw/stimuli/CAT2000/Object/009.jpg,0.5,10.0,8,A,iso_com,iso_com_02,data/raw/stimuli/polygons/iso_com_02.json,4.0,1,image,A_MB08_T274
1987,,OutdoorNatural,grid_22,1920,1080,1,A_OutdoorNatural_153,data/raw/stimuli/CAT2000/OutdoorNatural/153.jpg,0.5,10.0,8,A,iso_bbc,iso_bbc_01,data/raw/stimuli/polygons/iso_bbc_01.json,4.0,2,image,A_MB08_T275
1987,,Satelite,grid_23,2880,1080,1,A_Satelite_133,data/raw/stimuli/CAT2000/Satelite/133.jpg,0.5,10.0,8,A,iso_bbc,iso_bbc_03,data/raw/stimuli/polygons/iso_bbc_03.json,4.0,3,image,A_MB08_T276
1987,,,grid_31,960,1620,1,,,0.5,10.0,8,A,iso_chc,iso_chc_02,data/raw/stimuli/polygons/iso_chc_02.json,4.0,4,empty,A_MB08_T277
1987,,Satelite,grid_32,1920,1620,1,A_Satelite_077,data/raw/stimuli/CAT2000/Satelite/077.jpg,0.5,10.0,8,A,iso_icc,iso_icc_01,data/raw/stimuli/polygons/iso_icc_01.json,4.0,5,image,A_MB08_T278
1987,,Sketch,grid_33,2880,1620,1,A_Sketch_047,data/raw/stimuli/CAT2000/Sketch/047.jpg,0.5,10.0,8,A,iso_chc,iso_chc_01,data/raw/stimuli/polygons/iso_chc_01.json,4.0,6,image,A_MB08_T279
1987,,Random,grid_11,960,540,1,A_Random_165,data/raw/stimuli/CAT2000/Random/165.jpg,0.5,10.0,8,A,pair_C1_bbc_vs_chc_icc,pair_C1_02,data/raw/stimuli/polygons/pair_com_bbc_vs_chc_icc_02.json,4.0,7,image,A_MB08_T280
1987,,OutdoorNatural,grid_12,1920,540,1,A_OutdoorNatural_011,data/raw/stimuli/CAT2000/OutdoorNatural/011.jpg,0.5,10.0,8,A,iso_chc,iso_chc_03,data/raw/stimuli/polygons/iso_chc_03.json,4.0,8,image,A_MB08_T281
1987,,Sketch,grid_13,2880,540,1,A_Sketch_117,data/raw/stimuli/CAT2000/Sketch/117.jpg,0.5,10.0,8,A,pair_C2_chc_vs_bbc_icc,pair_C2_01,data/raw/stimuli/polygons/pair_com_chc_vs_bbc_icc_01.json,4.0,9,image,A_MB08_T282
1987,,Object,grid_21,960,1080,1,A_Object_105,data/raw/stimuli/CAT2000/Object/105.jpg,0.5,10.0,8,A,baseline_symmetric,baseline_sym_01,data/raw/stimuli/polygons/baseline_symmetric_consolidated.json,4.0,10,image,A_MB08_T283
1987,,Satelite,grid_22,1920,1080,1,A_Satelite_005,data/raw/stimuli/CAT2000/Satelite/005.jpg,0.5,10.0,8,A,pair_C3_icc_vs_chc_bbc,pair_C3_02,data/raw/stimuli/polygons/pair_com_icc_vs_chc_bbc_02.json,4.0,11,image,A_MB08_T284
1987,,Sketch,grid_23,2880,1080,1,A_Sketch_133,data/raw/stimuli/CAT2000/Sketch/133.jpg,0.5,10.0,8,A,iso_com,iso_com_03,data/raw/stimuli/polygons/iso_com_03.json,4.0,12,image,A_MB08_T285
1987,,Object,grid_31,960,1620,1,A_Object_107,data/raw/stimuli/CAT2000/Object/107.jpg,0.5,10.0,8,A,iso_chc,iso_chc_03,data/raw/stimuli/polygons/iso_chc_03.json,4.0,13,image,A_MB08_T286
1987,,Random,grid_32,1920,1620,1,A_Random_187,data/raw/stimuli/CAT2000/Random/187.jpg,0.5,10.0,8,A,pair_C3_icc_vs_chc_bbc,pair_C3_01,data/raw/stimuli/polygons/pair_com_icc_vs_chc_bbc_01.json,4.0,14,image,A_MB08_T287
1987,,Fractal,grid_33,2880,1620,1,A_Fractal_127,data/raw/stimuli/CAT2000/Fractal/127.jpg,0.5,10.0,8,A,iso_icc,iso_icc_02,data/raw/stimuli/polygons/iso_icc_02.json,4.0,15,image,A_MB08_T288
1987,,Satelite,grid_11,960,540,1,A_Satelite_121,data/raw/stimuli/CAT2000/Satelite/121.jpg,0.5,10.0,8,A,iso_chc,iso_chc_01,data/raw/stimuli/polygons/iso_chc_01.json,4.0,16,image,A_MB08_T289
1987,,,grid_12,1920,540,1,,,0.5,10.0,8,A,pair_C3_icc_vs_chc_bbc,pair_C3_01,data/raw/stimuli/polygons/pair_com_icc_vs_chc_bbc_01.json,4.0,17,empty,A_MB08_T290
1987,,Sketch,grid_13,2880,540,1,A_Sketch_041,data/raw/stimuli/CAT2000/Sketch/041.jpg,0.5,10.0,8,A,iso_com,iso_com_01,data/raw/stimuli/polygons/iso_com_01.json,4.0,18,image,A_MB08_T291
1987,,Object,grid_21,960,1080,1,A_Object_139,data/raw/stimuli/CAT2000/Object/139.jpg,0.5,10.0,8,A,iso_com,iso_com_03,data/raw/stimuli/polygons/iso_com_03.json,4.0,19,image,A_MB08_T292
1987,,Fractal,grid_22,1920,1080,1,A_Fractal_015,data/raw/stimuli/CAT2000/Fractal/015.jpg,0.5,10.0,8,A,pair_C3_icc_vs_chc_bbc,pair_C3_01,data/raw/stimuli/polygons/pair_com_icc_vs_chc_bbc_01.json,4.0,20,image,A_MB08_T293
1987,,Object,grid_23,2880,1080,1,A_Object_135,data/raw/stimuli/CAT2000/Object/135.jpg,0.5,10.0,8,A,baseline_asymmetric,baseline_asym_01,data/raw/stimuli/polygons/baseline_asymmetric_consolidated.json,4.0,21,image,A_MB08_T294
1987,,Random,grid_31,960,1620,1,A_Random_099,data/raw/stimuli/CAT2000/Random/099.jpg,0.5,10.0,8,A,iso_bbc,iso_bbc_01,data/raw/stimuli/polygons/iso_bbc_01.json,4.0,22,image,A_MB08_T295
1987,,Satelite,grid_32,1920,1620,1,A_Satelite_073,data/raw/stimuli/CAT2000/Satelite/073.jpg,0.5,10.0,8,A,baseline_asymmetric,baseline_asym_01,data/raw/stimuli/polygons/baseline_asymmetric_consolidated.json,4.0,23,image,A_MB08_T296
1987,,Sketch,grid_33,2880,1620,1,A_Sketch_135,data/raw/stimuli/CAT2000/Sketch/135.jpg,0.5,10.0,8,A,allfar_intermediate,allfar_intermediate_01,data/raw/stimuli/polygons/allfar_intermediate.json,4.0,24,image,A_MB08_T297
1987,,Object,grid_11,960,540,1,A_Object_191,data/raw/stimuli/CAT2000/Object/191.jpg,0.5,10.0,8,A,pair_C2_chc_vs_bbc_icc,pair_C2_03,data/raw/stimuli/polygons/pair_com_chc_vs_bbc_icc_03.json,4.0,25,image,A_MB08_T298
1987,,OutdoorNatural,grid_12,1920,540,1,A_OutdoorNatural_091,data/raw/stimuli/CAT2000/OutdoorNatural/091.jpg,0.5,10.0,8,A,iso_icc,iso_icc_01,data/raw/stimuli/polygons/iso_icc_01.json,4.0,26,image,A_MB08_T299
1987,,Random,grid_13,2880,540,1,A_Random_007,data/raw/stimuli/CAT2000/Random/007.jpg,0.5,10.0,8,A,iso_icc,iso_icc_01,data/raw/stimuli/polygons/iso_icc_01.json,4.0,27,image,A_MB08_T300
1987,,,grid_21,960,1080,1,,,0.5,10.0,8,A,iso_icc,iso_icc_02,data/raw/stimuli/polygons/iso_icc_02.json,4.0,28,empty,A_MB08_T301
1987,,Sketch,grid_22,1920,1080,1,A_Sketch_089,data/raw/stimuli/CAT2000/Sketch/089.jpg,0.5,10.0,8,A,allfar_convex,allfar_convex_01,data/raw/stimuli/polygons/allfar_convex.json,4.0,29,image,A_MB08_T302
1987,,Fractal,grid_23,2880,1080,1,A_Fractal_003,data/raw/stimuli/CAT2000/Fractal/003.jpg,0.5,10.0,8,A,baseline_rectangle,baseline_rect_01,data/raw/stimuli/polygons/baseline_rectangle.json,4.0,30,image,A_MB08_T303
1987,,Fractal,grid_31,960,1620,1,A_Fractal_185,data/raw/stimuli/CAT2000/Fractal/185.jpg,0.5,10.0,8,A,iso_com,iso_com_03,data/raw/stimuli/polygons/iso_com_03.json,4.0,31,image,A_MB08_T304
1987,,Object,grid_32,1920,1620,1,A_Object_121,data/raw/stimuli/CAT2000/Object/121.jpg,0.5,10.0,8,A,iso_icc,iso_icc_01,data/raw/stimuli/polygons/iso_icc_01.json,4.0,32,image,A_MB08_T305
1987,,Sketch,grid_33,2880,1620,1,A_Sketch_061,data/raw/stimuli/CAT2000/Sketch/061.jpg,0.5,10.0,8,A,pair_C2_chc_vs_bbc_icc,pair_C2_02,data/raw/stimuli/polygons/pair_com_chc_vs_bbc_icc_02.json,4.0,33,image,A_MB08_T306
1987,,Sketch,grid_11,960,540,1,A_Sketch_115,data/raw/stimuli/CAT2000/Sketch/115.jpg,0.5,10.0,8,A,allfar_convex,allfar_convex_01,data/raw/stimuli/polygons/allfar_convex.json,4.0,34,image,A_MB08_T307
1987,,Fractal,grid_12,1920,540,1,A_Fractal_157,data/raw/stimuli/CAT2000/Fractal/157.jpg,0.5,10.0,8,A,baseline_symmetric,baseline_sym_01,data/raw/stimuli/polygons/baseline_symmetric_consolidated.json,4.0,35,image,A_MB08_T308
1987,,OutdoorNatural,grid_13,2880,540,1,A_OutdoorNatural_179,data/raw/stimuli/CAT2000/OutdoorNatural/179.jpg,0.5,10.0,8,A,baseline_rectangle,baseline_rect_01,data/raw/stimuli/polygons/baseline_rectangle.json,4.0,36,image,A_MB08_T309
1987,,Satelite,grid_21,960,1080,1,A_Satelite_013,data/raw/stimuli/CAT2000/Satelite/013.jpg,0.5,10.0,8,A,pair_C3_icc_vs_chc_bbc,pair_C3_03,data/raw/stimuli/polygons/pair_com_icc_vs_chc_bbc_03.json,4.0,37,image,A_MB08_T310
1987,,OutdoorNatural,grid_22,1920,1080,1,A_OutdoorNatural_119,data/raw/stimuli/CAT2000/OutdoorNatural/119.jpg,0.5,10.0,8,A,pair_C1_bbc_vs_chc_icc,pair_C1_02,data/raw/stimuli/polygons/pair_com_bbc_vs_chc_icc_02.json,4.0,38,image,A_MB08_T311
1987,,Fractal,grid_23,2880,1080,1,A_Fractal_095,data/raw/stimuli/CAT2000/Fractal/095.jpg,0.5,10.0,8,A,iso_icc,iso_icc_01,data/raw/stimuli/polygons/iso_icc_01.json,4.0,39,image,A_MB08_T312
1987,,OutdoorNatural,grid_31,960,1620,1,A_OutdoorNatural_027,data/raw/stimuli/CAT2000/OutdoorNatural/027.jpg,0.5,10.0,9,A,iso_chc,iso_chc_02,data/raw/stimuli/polygons/iso_chc_02.json,4.0,1,image,A_MB09_T313
1987,,Random,grid_32,1920,1620,1,A_Random_037,data/raw/stimuli/CAT2000/Random/037.jpg,0.5,10.0,9,A,pair_C2_chc_vs_bbc_icc,pair_C2_01,data/raw/stimuli/polygons/pair_com_chc_vs_bbc_icc_01.json,4.0,2,image,A_MB09_T314
1987,,OutdoorNatural,grid_33,2880,1620,1,A_OutdoorNatural_073,data/raw/stimuli/CAT2000/OutdoorNatural/073.jpg,0.5,10.0,9,A,iso_bbc,iso_bbc_03,data/raw/stimuli/polygons/iso_bbc_03.json,4.0,3,image,A_MB09_T315
1987,,Sketch,grid_11,960,540,1,A_Sketch_095,data/raw/stimuli/CAT2000/Sketch/095.jpg,0.5,10.0,9,A,iso_chc,iso_chc_03,data/raw/stimuli/polygons/iso_chc_03.json,4.0,4,image,A_MB09_T316
1987,,Satelite,grid_12,1920,540,1,A_Satelite_187,data/raw/stimuli/CAT2000/Satelite/187.jpg,0.5,10.0,9,A,iso_com,iso_com_01,data/raw/stimuli/polygons/iso_com_01.json,4.0,5,image,A_MB09_T317
1987,,Sketch,grid_13,2880,540,1,A_Sketch_003,data/raw/stimuli/CAT2000/Sketch/003.jpg,0.5,10.0,9,A,pair_C2_chc_vs_bbc_icc,pair_C2_03,data/raw/stimuli/polygons/pair_com_chc_vs_bbc_icc_03.json,4.0,6,image,A_MB09_T318
1987,,Sketch,grid_21,960,1080,1,A_Sketch_023,data/raw/stimuli/CAT2000/Sketch/023.jpg,0.5,10.0,9,A,baseline_asymmetric,baseline_asym_01,data/raw/stimuli/polygons/baseline_asymmetric_consolidated.json,4.0,7,image,A_MB09_T319
1987,,OutdoorNatural,grid_22,1920,1080,1,A_OutdoorNatural_083,data/raw/stimuli/CAT2000/OutdoorNatural/083.jpg,0.5,10.0,9,A,pair_C3_icc_vs_chc_bbc,pair_C3_03,data/raw/stimuli/polygons/pair_com_icc_vs_chc_bbc_03.json,4.0,8,image,A_MB09_T320
1987,,Object,grid_23,2880,1080,1,A_Object_091,data/raw/stimuli/CAT2000/Object/091.jpg,0.5,10.0,9,A,iso_icc,iso_icc_02,data/raw/stimuli/polygons/iso_icc_02.json,4.0,9,image,A_MB09_T321
1987,,Random,grid_31,960,1620,1,A_Random_185,data/raw/stimuli/CAT2000/Random/185.jpg,0.5,10.0,9,A,iso_bbc,iso_bbc_03,data/raw/stimuli/polygons/iso_bbc_03.json,4.0,10,image,A_MB09_T322
1987,,OutdoorNatural,grid_32,1920,1620,1,A_OutdoorNatural_095,data/raw/stimuli/CAT2000/OutdoorNatural/095.jpg,0.5,10.0,9,A,allfar_convex,allfar_convex_01,data/raw/stimuli/polygons/allfar_convex.json,4.0,11,image,A_MB09_T323
1987,,Satelite,grid_33,2880,1620,1,A_Satelite_195,data/raw/stimuli/CAT2000/Satelite/195.jpg,0.5,10.0,9,A,baseline_rectangle,baseline_rect_01,data/raw/stimuli/polygons/baseline_rectangle.json,4.0,12,image,A_MB09_T324
1987,,Satelite,grid_11,960,540,1,A_Satelite_123,data/raw/stimuli/CAT2000/Satelite/123.jpg,0.5,10.0,9,A,baseline_symmetric,baseline_sym_01,data/raw/stimuli/polygons/baseline_symmetric_consolidated.json,4.0,13,image,A_MB09_T325
1987,,Object,grid_12,1920,540,1,A_Object_179,data/raw/stimuli/CAT2000/Object/179.jpg,0.5,10.0,9,A,pair_C2_chc_vs_bbc_icc,pair_C2_03,data/raw/stimuli/polygons/pair_com_chc_vs_bbc_icc_03.json,4.0,14,image,A_MB09_T326
1987,,OutdoorNatural,grid_13,2880,540,1,A_OutdoorNatural_147,data/raw/stimuli/CAT2000/OutdoorNatural/147.jpg,0.5,10.0,9,A,iso_com,iso_com_03,data/raw/stimuli/polygons/iso_com_03.json,4.0,15,image,A_MB09_T327
1987,,Object,grid_21,960,1080,1,A_Object_027,data/raw/stimuli/CAT2000/Object/027.jpg,0.5,10.0,9,A,allfar_convex,allfar_convex_01,data/raw/stimuli/polygons/allfar_convex.json,4.0,16,image,A_MB09_T328
1987,,Sketch,grid_22,1920,1080,1,A_Sketch_143,data/raw/stimuli/CAT2000/Sketch/143.jpg,0.5,10.0,9,A,baseline_rectangle,baseline_rect_01,data/raw/stimuli/polygons/baseline_rectangle.json,4.0,17,image,A_MB09_T329
1987,,Fractal,grid_23,2880,1080,1,A_Fractal_019,data/raw/stimuli/CAT2000/Fractal/019.jpg,0.5,10.0,9,A,allfar_convex,allfar_convex_01,data/raw/stimuli/polygons/allfar_convex.json,4.0,18,image,A_MB09_T330
1987,,,grid_31,960,1620,1,,,0.5,10.0,9,A,iso_bbc,iso_bbc_02,data/raw/stimuli/polygons/iso_bbc_02.json,4.0,19,empty,A_MB09_T331
1987,,Object,grid_32,1920,1620,1,A_Object_083,data/raw/stimuli/CAT2000/Object/083.jpg,0.5,10.0,9,A,pair_C3_icc_vs_chc_bbc,pair_C3_02,data/raw/stimuli/polygons/pair_com_icc_vs_chc_bbc_02.json,4.0,20,image,A_MB09_T332
1987,,Sketch,grid_33,2880,1620,1,A_Sketch_025,data/raw/stimuli/CAT2000/Sketch/025.jpg,0.5,10.0,9,A,pair_C3_icc_vs_chc_bbc,pair_C3_01,data/raw/stimuli/polygons/pair_com_icc_vs_chc_bbc_01.json,4.0,21,image,A_MB09_T333
1987,,,grid_11,960,540,1,,,0.5,10.0,9,A,pair_C1_bbc_vs_chc_icc,pair_C1_01,data/raw/stimuli/polygons/pair_com_bbc_vs_chc_icc_01.json,4.0,22,empty,A_MB09_T334
1987,,Fractal,grid_12,1920,540,1,A_Fractal_025,data/raw/stimuli/CAT2000/Fractal/025.jpg,0.5,10.0,9,A,pair_C1_bbc_vs_chc_icc,pair_C1_02,data/raw/stimuli/polygons/pair_com_bbc_vs_chc_icc_02.json,4.0,23,image,A_MB09_T335
1987,,Fractal,grid_13,2880,540,1,A_Fractal_183,data/raw/stimuli/CAT2000/Fractal/183.jpg,0.5,10.0,9,A,allfar_convex,allfar_convex_01,data/raw/stimuli/polygons/allfar_convex.json,4.0,24,image,A_MB09_T336
1987,,Random,grid_21,960,1080,1,A_Random_049,data/raw/stimuli/CAT2000/Random/049.jpg,0.5,10.0,9,A,iso_chc,iso_chc_01,data/raw/stimuli/polygons/iso_chc_01.json,4.0,25,image,A_MB09_T337
1987,,Random,grid_22,1920,1080,1,A_Random_179,data/raw/stimuli/CAT2000/Random/179.jpg,0.5,10.0,9,A,iso_com,iso_com_01,data/raw/stimuli/polygons/iso_com_01.json,4.0,26,image,A_MB09_T338
1987,,Sketch,grid_23,2880,1080,1,A_Sketch_091,data/raw/stimuli/CAT2000/Sketch/091.jpg,0.5,10.0,9,A,iso_icc,iso_icc_03,data/raw/stimuli/polygons/iso_icc_03.json,4.0,27,image,A_MB09_T339
1987,,Object,grid_31,960,1620,1,A_Object_061,data/raw/stimuli/CAT2000/Object/061.jpg,0.5,10.0,9,A,iso_chc,iso_chc_01,data/raw/stimuli/polygons/iso_chc_01.json,4.0,28,image,A_MB09_T340
1987,,OutdoorNatural,grid_32,1920,1620,1,A_OutdoorNatural_137,data/raw/stimuli/CAT2000/OutdoorNatural/137.jpg,0.5,10.0,9,A,iso_chc,iso_chc_01,data/raw/stimuli/polygons/iso_chc_01.json,4.0,29,image,A_MB09_T341
1987,,Sketch,grid_33,2880,1620,1,A_Sketch_007,data/raw/stimuli/CAT2000/Sketch/007.jpg,0.5,10.0,9,A,iso_chc,iso_chc_01,data/raw/stimuli/polygons/iso_chc_01.json,4.0,30,image,A_MB09_T342
1987,,OutdoorNatural,grid_11,960,540,1,A_OutdoorNatural_185,data/raw/stimuli/CAT2000/OutdoorNatural/185.jpg,0.5,10.0,9,A,pair_C3_icc_vs_chc_bbc,pair_C3_03,data/raw/stimuli/polygons/pair_com_icc_vs_chc_bbc_03.json,4.0,31,image,A_MB09_T343
1987,,Satelite,grid_12,1920,540,1,A_Satelite_057,data/raw/stimuli/CAT2000/Satelite/057.jpg,0.5,10.0,9,A,iso_chc,iso_chc_03,data/raw/stimuli/polygons/iso_chc_03.json,4.0,32,image,A_MB09_T344
1987,,,grid_13,2880,540,1,,,0.5,10.0,9,A,pair_C2_chc_vs_bbc_icc,pair_C2_01,data/raw/stimuli/polygons/pair_com_chc_vs_bbc_icc_01.json,4.0,33,empty,A_MB09_T345
1987,,Sketch,grid_21,960,1080,1,A_Sketch_029,data/raw/stimuli/CAT2000/Sketch/029.jpg,0.5,10.0,9,A,pair_C3_icc_vs_chc_bbc,pair_C3_02,data/raw/stimuli/polygons/pair_com_icc_vs_chc_bbc_02.json,4.0,34,image,A_MB09_T346
1987,,Fractal,grid_22,1920,1080,1,A_Fractal_103,data/raw/stimuli/CAT2000/Fractal/103.jpg,0.5,10.0,9,A,pair_C3_icc_vs_chc_bbc,pair_C3_03,data/raw/stimuli/polygons/pair_com_icc_vs_chc_bbc_03.json,4.0,35,image,A_MB09_T347
1987,,OutdoorNatural,grid_23,2880,1080,1,A_OutdoorNatural_065,data/raw/stimuli/CAT2000/OutdoorNatural/065.jpg,0.5,10.0,9,A,baseline_symmetric,baseline_sym_01,data/raw/stimuli/polygons/baseline_symmetric_consolidated.json,4.0,36,image,A_MB09_T348
1987,,Object,grid_31,960,1620,1,A_Object_053,data/raw/stimuli/CAT2000/Object/053.jpg,0.5,10.0,9,A,allfar_concave,allfar_concave_01,data/raw/stimuli/polygons/allfar_concave.json,4.0,37,image,A_MB09_T349
1987,,Fractal,grid_32,1920,1620,1,A_Fractal_197,data/raw/stimuli/CAT2000/Fractal/197.jpg,0.5,10.0,9,A,pair_C1_bbc_vs_chc_icc,pair_C1_01,data/raw/stimuli/polygons/pair_com_bbc_vs_chc_icc_01.json,4.0,38,image,A_MB09_T350
1987,,Object,grid_33,2880,1620,1,A_Object_005,data/raw/stimuli/CAT2000/Object/005.jpg,0.5,10.0,9,A,iso_chc,iso_chc_01,data/raw/stimuli/polygons/iso_chc_01.json,4.0,39,image,A_MB09_T351
